"pl_name","predicted_mass_log10"
"CoRoT-7 b",3.24697004232533
"GJ 9827 b",3.04987820305237
"GJ 9827 c",2.88740821899807
"GJ 9827 d",2.81385550397361
"HAT-P-1 b",3.16136828756248
"HAT-P-2 b",-429050.859493795
"HAT-P-3 b",3.07382310463695
"HAT-P-4 b",3.22480481767482
"HAT-P-6 b",3.21744036024327
"HD 106315 b",3.02049332401346
"HD 106315 c",2.91027855583641
"HD 149026 b",-858104.796444608
"HD 17156 b",-214524.019058367
"HD 18599 b",2.99182612789695
"HD 63433 b",2.97475797063253
"HD 63433 c",2.82110441262717
"HD 77946 b",3.0714804336445
"K2-111 b",3.09068404718415
"K2-136 c",2.68951218061973
"K2-265 b",3.12946379685133
"K2-3 b",2.69203666721656
"K2-3 c",2.5584737917242
"K2-3 d",2.46868668529095
"K2-34 b",3.24226873733505
"K2-39 b",3.25360630232243
"K2-99 b",3.09417128134814
"KELT-6 b",3.11764742854487
"KOI-12 b",3.01096767236177
"KOI-2513.01",2.60558380147191
"Kepler-10 b",3.31629956561295
"Kepler-10 c",2.73814661251144
"Kepler-11 b",2.93097064668479
"Kepler-11 c",2.8984335683185
"Kepler-11 d",2.81778078295474
"Kepler-11 e",2.77023301262254
"Kepler-11 f",2.71166661228242
"Kepler-11 g",2.57705396230117
"Kepler-12 b",3.14646913396487
"Kepler-15 b",3.01700284714749
"Kepler-1655 b",2.9391549441421
"Kepler-18 b",3.07167535676612
"Kepler-18 c",2.96510607246796
"Kepler-18 d",2.86950485467965
"Kepler-186 b",2.79113517312904
"Kepler-186 c",2.73207996034837
"Kepler-186 d",2.61255473226566
"Kepler-186 e",2.53691436144422
"Kepler-20 e",2.97191698215217
"Kepler-20 f",2.80178239866184
"Kepler-23 b",3.05817532390273
"Kepler-23 c",3.00070540023844
"Kepler-24 b",2.97225131331945
"Kepler-24 c",2.91167549278679
"Kepler-289 b",2.7594040794284
"Kepler-289 c",2.57455200844983
"Kepler-296 e",2.42123448655947
"Kepler-296 f",2.28179698827603
"Kepler-30 b",2.74920385674176
"Kepler-30 c",2.64254840818175
"Kepler-30 d",2.52852877718622
"Kepler-33 b",3.12924685730481
"Kepler-33 c",3.00893897109964
"Kepler-33 d",2.93889607491218
"Kepler-33 e",2.8820111948358
"Kepler-33 f",2.84535064799279
"Kepler-37 b",2.82719017491481
"Kepler-37 c",2.76477262599525
"Kepler-37 d",2.68044187521893
"Kepler-410 A b",2.96906684992282
"Kepler-412 b",3.23764158043831
"Kepler-432 b",2.92155139511078
"Kepler-454 b",2.92881387764292
"Kepler-46 b",2.70295484515661
"Kepler-50 b",3.09655707388
"Kepler-50 c",3.07133823196055
"Kepler-56 b",3.14690683227261
"Kepler-56 c",3.04572921339701
"Kepler-63 b",2.92624389874538
"Kepler-65 b",3.24306513677582
"Kepler-65 c",3.10156796694906
"Kepler-65 d",3.05208494105073
"Kepler-66 b",2.84702840931227
"Kepler-68 c",2.99515320666379
"Kepler-79 b",2.96076619109826
"Kepler-79 c",2.85857613930122
"Kepler-79 d",2.76881316314399
"Kepler-79 e",2.69943314431892
"Kepler-80 b",2.81408735890219
"Kepler-80 c",2.77029310551473
"Kepler-80 d",2.93214873127867
"Kepler-80 e",2.87167719466079
"Kepler-80 f",3.09557921302951
"Kepler-9 b",2.82842948940529
"Kepler-9 c",2.72799615991854
"Kepler-91 b",3.29021144643529
"Qatar-2 b",3.10495332946479
"TOI-1268 b",2.92929765089854
"TOI-1710 b",2.80472714907023
"TOI-1751 b",2.80660605896165
"TOI-1807 b",3.21197999565475
"TOI-1842 b",3.11852091704599
"TOI-561 b",3.33617196442301
"TOI-561 c",2.87559464515554
"TOI-561 d",2.74829909191477
"TOI-561 e",2.58771533582641
"TOI-677 b",3.02496689774865
"TrES-2 b",3.19420061246249
"TrES-3 b",3.25650869531158
"TrES-4 b",3.26065458142582
"WASP-12 b",3.42644049439661
"WASP-131 b",3.1605312173696
"WASP-132 b",2.87497471618484
"WASP-132 c",3.14854319041733
"WASP-4 b",3.22655094535599
"WASP-77 A b",3.23395188701922
"XO-1 b",3.14292380269332
"XO-2 N b",3.16306826996329
"pi Men c",-214523.922218103
