pl_name,pl_eqt,pl_rade,pl_orbper,pl_orbsmax,st_teff,st_mass,st_rad,st_logg,st_age,sy_snum,sy_pnum,ra,dec,glat,glon,elat,elon,sy_vmag,sy_vmagerr1,sy_vmagerr2,sy_jmag,sy_hmag,sy_kmag,sy_tmag,sy_tmagerr1,sy_tmagerr2,pl_nnotes,st_nphot,st_nrvc,st_nspec,pl_nespec,pl_ntranspec,teq_phys,pl_insol
CoRoT-25 b,1330.0,12.11,4.86069,0.0578,6040.0,1.09,1.19,4.31,4.5,1,1,280.6296561,6.5138223,4.94113,37.73014,29.50564,282.15248,14.79,0.172,-0.172,13.3,12.99,12.846,14.1354,0.0147,-0.0147,0,0,2,0,0,0,1321.5388225496374,508.2538893911084
HAT-P-20 b,970.0,9.718,2.875317,0.0361,4595.0,0.756,0.694,4.63,6.7,1,1,111.9164295,24.3361185,18.39436,194.41535,2.39826,109.89653,11.231,0.023,-0.023,9.276,8.743,8.601,10.2832,0.0061,-0.0061,0,0,1,0,0,0,971.5050796617129,148.43670670626472
HAT-P-29 b,1260.0,12.408,5.723186,0.0667,6087.0,1.207,1.224,4.34,2.2,2,1,33.1310921,51.7787754,-9.10798,135.4706,35.89413,50.23673,11.825,0.021,-0.021,10.648,10.395,10.297,11.2791,0.0061,-0.0061,1,0,1,0,0,0,1257.3741264061903,416.5039122425005
HAT-P-42 b,1428.0,14.348,4.641878,0.0575,5743.0,1.178,1.53,4.14,5.2,1,1,135.3443583,6.0970828,31.58211,223.004,-10.40149,135.97947,12.125,0.046,-0.046,10.96,10.677,10.626,11.5598,0.006,-0.006,0,0,0,0,0,0,1428.5124674226863,693.9004157454449
HAT-P-63 b,1237.0,12.5428494,3.377728,0.04294,5400.0,0.925,0.9661,4.435,9.0,1,1,269.5720695,5.7613709,14.43563,32.04857,29.19993,269.50838,13.657,0.092,-0.092,12.021,11.63,11.512,12.8999,0.006,-0.006,0,0,0,0,0,0,1235.1144609490864,387.78395315696855
HATS-11 b,1637.0,16.92559,3.6191613,0.04614,6060.0,1.0,1.444,4.118,7.7,1,1,289.4007603,-22.3900092,-15.5115,15.35571,-0.14734,287.88266,14.06,0.103,-0.103,12.647,12.315,12.243,13.3735,0.0071,-0.0071,0,0,0,0,0,0,1634.7481381592347,1190.0478199054962
HATS-18 b,2060.0,14.986433,0.8378434,0.01761,5600.0,1.037,1.02,4.436,4.2,1,1,173.9574203,-29.1560639,30.87451,283.68658,-28.91789,187.1792,14.188,0.08,-0.08,12.736,12.382,12.289,13.3898,0.0075,-0.0075,0,0,0,0,0,0,2055.1421221118417,2972.5450821489458
HATS-35 b,2037.0,16.409976,1.8209993,0.03199,6300.0,1.317,1.433,4.244,2.13,1,1,296.688442,-63.5656488,-30.1993,332.9417,-41.5552,285.49335,12.609,0.057,-0.057,11.439,11.192,11.118,12.0457,0.006,-0.006,0,0,0,0,0,0,2033.2461111594087,2847.8742497494345
HATS-37 A b,1085.0,6.792654,4.3315366,0.04913,5326.0,0.843,0.877,4.478,11.46,2,1,199.80183,-22.9868431,39.43782,311.21577,-13.54688,207.00362,12.341,0.149,-0.149,10.528,10.038,9.947,11.3876,0.0061,-0.0061,1,0,0,0,0,0,1085.0781104471089,230.99629658731124
HATS-8 b,1324.0,9.785457,3.583893,0.04667,5679.0,1.056,1.086,4.386,5.1,1,1,294.9416887,-25.7483655,-21.46173,14.08379,-4.22679,292.3832,14.512,0.069,-0.069,13.098,12.779,12.661,13.8205,0.0084,-0.0084,0,0,0,0,0,0,1320.9954038927285,507.418425973835
HD 110067 g,440.0,2.607,54.76992,0.2621,5266.0,0.798,0.788,4.54,8.1,3,6,189.8392243,20.0273377,82.37965,281.0126,22.21432,180.68165,8.419,0.002,-0.002,6.952,6.561,6.492,7.6621,0.006,-0.006,0,0,0,0,0,0,440.29512686050515,6.262338262354953
HD 183579 b,752.0,3.49,17.471291,0.1322,5784.0,0.996,0.96,4.45,3.1,1,1,293.2866147,-54.5327284,-27.69962,343.06161,-32.35999,285.75315,8.67,0.03,-0.03,7.518,7.231,7.15,8.0888,0.006,-0.006,2,1,0,0,0,0,751.5910484451141,53.17253958488773
HD 28109 b,881.2,2.199,22.89104,0.1357,6120.0,1.26,1.446,4.13,1.1,1,3,65.2383065,-68.1026875,-38.73361,280.67988,-80.40081,339.50704,9.42,0.03,-0.03,8.476,8.256,8.175,8.9387,0.006,-0.006,0,0,0,0,0,0,963.3388398742153,143.50838911264546
HD 63935 c,619.59,3.06451296,21.4027,0.148,5513.0,0.9406,0.9598,4.445,6.6,1,2,117.9246417,9.3852412,17.61294,211.23645,-11.36985,118.11421,8.58,0.03,-0.03,7.304,6.964,6.881,7.9259,0.006,-0.006,0,0,0,0,0,0,676.9879418007866,35.00134558736686
HD 93963 A b,2042.0,1.35,1.0391353,0.02085,5987.0,1.109,1.043,4.49,1.4,2,2,162.7766969,25.641065,63.07361,209.2072,16.90839,154.15456,9.182,0.003,-0.003,8.108,7.807,7.776,8.6259,0.006,-0.006,0,0,0,0,0,0,2041.8874903042044,2896.5980977209383
HD 93963 A c,1212.45,3.11976057,3.6451389,0.04726,5908.0,1.0844,1.0311,4.445,1.3,2,2,162.7766969,25.641065,63.07361,209.2072,16.90839,154.15456,9.182,0.003,-0.003,8.108,7.807,7.776,8.6259,0.006,-0.006,0,0,0,0,0,0,1330.6916972473548,522.4813537296202
HIP 65 A b,1411.0,22.75427,0.9809734,0.01782,4590.0,0.781,0.7242,4.611,4.1,2,1,0.1856063,-54.8308228,-60.79535,317.9426,-48.65474,330.6793,11.0,0.03,-0.03,8.922,8.4,8.29,9.9005,0.006,-0.006,1,1,0,0,0,0,1410.9821565438026,660.4608726493447
HR 858 c,1309.0,1.979,5.973865,0.0687,6354.0,1.204,1.258,4.3,2.0,2,3,42.9849779,-30.8140609,-63.46852,228.14045,-44.66058,27.95506,6.38,0.03,-0.03,5.473,5.225,5.149,5.9053,0.006,-0.006,2,1,0,0,0,0,1311.1204407973728,492.41509795242
K2-107 b,1780.0,16.14096,3.31392,0.048,6030.0,1.3,1.78,4.07,4.25,1,1,284.985355,-22.2934206,-11.7431,13.73298,0.42865,283.83849,13.012,0.103,-0.103,11.564,11.257,11.21,12.2834,0.0101,-0.0101,2,0,0,0,0,0,1770.680156597494,1638.0286319224135
K2-110 b,640.0,2.592,13.86375,0.1021,5010.0,0.738,0.713,4.6,8.0,1,1,207.3497402,-12.2849182,48.1527,324.42967,-0.9542,209.76904,11.985,0.046,-0.046,10.184,9.641,9.607,11.0552,0.0061,-0.0061,0,0,0,0,0,0,638.4149455493954,27.680452751027
K2-113 b,1178.0,10.42437,5.817608,0.0558,5627.0,1.007,1.047,4.4,5.9,1,1,19.4493823,6.8688469,-55.40924,134.5097,-1.24747,20.54224,13.744,0.092,-0.092,12.347,11.998,11.949,13.0121,0.0076,-0.0076,1,0,0,0,0,0,1175.3482965905823,318.0001584735701
K2-115 b,682.0,12.498035,20.273034,0.1367,5560.0,0.831,0.881,4.461,10.7,1,1,126.5535002,12.281851,26.5165,212.27401,-6.7221,125.86771,13.444,0.114,-0.114,12.108,11.76,11.724,12.7462,0.0061,-0.0061,0,0,0,0,0,0,680.6312956535919,35.7609184541373
K2-136 b,610.0,1.014,7.9752,0.0707,4500.0,0.742,0.677,4.68,0.65,2,3,67.4128615,22.8825674,-17.35063,174.77536,1.05393,69.26876,11.101,0.057,-0.057,9.096,8.496,8.368,10.1192,0.006,-0.006,6,0,0,0,0,0,671.4761117513848,33.8753097638413
K2-208 b,1122.0,1.67462172,4.19097,0.04878,5500.0,0.881,0.872,4.503,6.1,1,1,20.7789809,0.8890076,-60.96448,139.4218,-7.28846,19.52754,12.577,0.092,-0.092,11.164,10.824,10.746,11.8333,0.0064,-0.0064,0,0,0,0,0,0,1121.3300472321912,263.4479637749775
K2-233 c,728.0,1.335,7.06142,0.06687,4950.0,0.8,0.745,4.71,0.36,1,3,230.4799011,-20.2317975,30.24863,344.46401,-1.68296,233.31618,10.883,0.014,-0.014,8.968,8.501,8.375,9.8125,0.006,-0.006,2,0,0,0,0,0,796.711524701292,67.13753706472164
K2-237 b,1828.0,16.19697711,2.18053539,0.03558,6360.0,1.263,1.261,4.339,1.02,1,1,253.7688479,-28.7105836,9.23357,353.87129,-6.07195,255.72373,11.602,0.034,-0.034,10.508,10.268,10.217,11.0657,0.0062,-0.0062,1,0,0,0,0,0,1825.7659896355692,1851.5756406198252
K2-33 b,850.0,5.76,5.42513,0.0409,3410.0,0.31,1.1,3.84,0.0075,1,1,242.5613635,-19.3193831,23.10048,354.42038,1.6971,244.20822,15.838,0.126,-0.126,11.095,10.332,10.026,12.9895,0.0062,-0.0062,0,0,0,0,0,0,852.7515025099677,88.11523028834968
K2-36 b,1224.0,1.43,1.422614,0.0223,4916.0,0.79,0.718,4.621,1.4,1,2,169.4490102,3.8665038,57.73789,254.97594,-0.61901,168.78339,11.726,0.037,-0.037,10.034,9.549,9.454001,10.9128,0.0062,-0.0062,1,0,0,0,0,0,1345.1016038599746,545.4831874362295
KELT-20 b,2260.0,20.51247,3.474119,0.057,8980.0,1.89,1.6,4.31,0.2,1,1,294.6614126,31.2192001,4.62728,65.80767,51.69211,305.1407,7.59,0.03,-0.03,7.424,7.446,7.415,7.55216,0.0061,-0.0061,0,1,0,0,3,0,2294.2055491141077,4616.260526122849
KOI-217 b,1028.0,11.7,3.905081,0.047,5595.0,0.923,0.82,4.58,0.4,1,1,294.8654667,46.2858128,11.6333,79.29221,65.86127,315.27706,15.257,0.069,-0.069,13.927,13.55,13.469,14.5787,0.0075,-0.0075,1,0,0,0,0,0,1126.9159188944927,268.73675123743743
KOI-351 h,292.0,9.8,331.643,0.98,6330.0,1.14,1.07,4.43,0.53,1,8,284.4334642,49.3051239,19.25567,79.26947,71.22769,300.32939,13.883,0.069,-0.069,12.79,12.531,12.482,13.3396,0.0082,-0.0082,1,0,0,0,0,0,318.94513842733784,1.724348145777642
Kepler-1001 b,693.0,2.9,14.3052,0.114,5734.0,0.959,0.85,4.56,0.6,1,2,286.2739151,48.6186972,17.88434,79.03209,70.19189,303.135,15.582,0.126,-0.126,14.109,13.718,13.662,14.8154,0.0065,-0.0065,1,0,0,0,0,0,755.0020859533807,54.14440848521989
Kepler-1010 b,490.0,2.4,34.26749,0.191,5299.0,0.794,0.84,4.49,13.2,1,1,289.1926026,44.1493165,14.30978,75.54157,65.31347,304.38332,14.964,0.183,-0.183,13.293,12.878,12.771,14.124,0.0069,-0.0069,1,0,0,0,0,0,535.8587228185423,13.739224689933083
Kepler-1023 b,399.0,2.7,62.1402,0.292,5434.0,0.856,0.81,4.55,5.3,1,1,289.0297232,49.7697034,16.63901,80.85082,70.61759,309.38269,14.7121,0.0459,-0.0459,13.243,12.897,12.762,13.9669,0.0067,-0.0067,1,0,0,0,0,0,436.4194960973345,6.044739388136054
Kepler-1027 b,1864.0,2.18,1.9078086,0.03,5538.0,1.002,1.75,3.95,9.8,2,1,287.5711746,42.8138159,14.84869,73.78894,64.38493,300.80981,12.994,0.08,-0.08,11.542,11.23,11.119,12.3237,0.007,-0.007,2,0,0,0,0,0,2039.5989236762946,2883.63377675323
Kepler-1043 b,542.0,2.5,38.50519,0.226,6017.0,1.042,0.94,4.51,0.4,1,1,281.6629579,47.5685927,20.43192,76.89006,70.05528,293.56508,14.949,0.172,-0.172,13.604,13.197,13.195,14.2929,0.0064,-0.0064,1,0,0,0,0,0,591.7293955830487,20.429304665758213
Kepler-1052 b,530.0,2.71,34.85333,0.208,5836.0,0.987,0.88,4.54,0.4,1,2,295.34273,46.6022134,11.487,79.73343,66.01318,316.33249,14.932,0.092,-0.092,13.727,13.393,13.305,14.3767,0.0083,-0.0083,1,0,0,0,0,0,578.8397903253609,18.70658525489505
Kepler-1055 b,1306.0,1.31,2.295026,0.034,5782.0,0.96,0.89,4.52,2.2,1,1,290.4867838,44.932541,13.79347,76.66971,65.75318,307.1056,13.194,0.092,-0.092,11.956,11.628,11.569,12.6031,0.0082,-0.0082,1,0,0,0,0,0,1426.4845027120982,689.9684603784692
Kepler-1064 b,560.0,1.51,16.54091,0.119,5176.0,0.814,0.71,4.64,0.9,1,1,291.7415821,37.6888103,9.78974,70.42692,58.57345,304.2037,13.958,0.092,-0.092,12.33,11.888,11.817,13.1773,0.006,-0.006,1,0,0,0,0,0,609.6539430737943,23.01942947252615
Kepler-1071 b,775.0,1.74,6.180013,0.061,5153.0,0.808,0.71,4.64,0.9,1,1,293.0579794,45.2487472,12.29145,77.7651,65.40082,311.48049,15.881,0.126,-0.126,14.371,13.97,13.775,15.234,0.0079,-0.0079,1,0,0,0,0,0,847.7305319522009,86.05820980293174
Kepler-1074 b,568.0,1.12,5.945678,0.053,4079.0,0.553,0.528,4.74,13.9,1,1,284.4766869,46.2526781,18.18179,76.25233,68.29605,297.86367,15.599,0.092,-0.092,12.876,12.211,12.073,14.0642,0.0073637,-0.0073637,1,0,0,0,0,0,620.8206547536424,24.752874359367002
Kepler-1076 b,717.0,0.83,6.147313,0.058,4790.0,0.687,0.667,4.63,13.9,1,1,287.5902594,51.0606047,17.97109,81.74767,72.1646,308.32212,13.175,0.114,-0.114,11.305,10.791,10.664,12.3078,0.0066,-0.0066,1,0,0,0,0,0,783.2814820868997,62.72381203303923
Kepler-1087 b,1950.0,0.66,0.6938521,0.014,5434.0,0.821,0.93,4.42,14.0,1,1,294.9789253,46.0056741,11.4348,79.07509,65.57342,315.17395,12.973,0.057,-0.057,11.66,11.312,11.213,12.3778,0.0091,-0.0091,1,0,0,0,0,0,2135.6521450167293,3466.43509057432
Kepler-110 b,990.0,3.01,12.69115,0.109,5899.0,1.067,1.58,4.07,7.2,1,2,292.9291693,48.6028303,13.83649,80.82269,68.51286,314.69173,13.003,0.103,-0.103,11.919,11.658,11.623,12.5047,0.0066,-0.0066,1,0,0,0,0,0,1082.9966578748881,229.2289541848456
Kepler-110 c,731.0,3.59,31.71987,0.2,5899.0,1.067,1.58,4.07,7.2,1,2,292.9291693,48.6028303,13.83649,80.82269,68.51286,314.69173,13.003,0.103,-0.103,11.919,11.658,11.623,12.5047,0.0066,-0.0066,1,0,0,0,0,0,799.5127014173424,68.08673011675374
Kepler-1115 b,1357.0,2.4,23.55539,0.21,9578.0,2.22,2.2,4.11,0.458,1,1,294.9917723,40.1443964,8.68466,73.81762,60.12504,310.41503,11.983,0.034,-0.034,11.566,11.555,11.512,11.7972,0.0089,-0.0089,1,0,0,0,0,0,1494.8924602975358,832.1484590762477
Kepler-1122 b,469.0,2.04,42.19301,0.232,5639.0,0.93,0.82,4.57,0.5,1,1,288.2805801,46.3408747,15.77372,77.35651,67.59521,304.61723,15.405,0.035,-0.035,13.872,13.518,13.369,14.6001,0.0074,-0.0074,1,0,0,0,0,0,511.2089563786123,11.38032916146756
Kepler-1131 b,1170.0,1.4,3.532292,0.046,5945.0,1.021,0.92,4.52,0.3,1,1,295.6514492,49.2612954,12.52682,82.24447,68.30725,319.84196,15.01,0.355,-0.355,13.794,13.5,13.416,14.4623,0.007,-0.007,1,0,0,0,0,0,1282.0361830765544,450.15506128006535
Kepler-1132 b,378.0,2.19,62.8908,0.294,5354.0,0.859,0.76,4.62,0.6,1,1,286.3675188,48.4238906,17.75645,78.86456,69.98752,303.1192,15.818,0.103,-0.103,14.167,13.791,13.633,14.9191,0.0074,-0.0074,1,0,0,0,0,0,415.092535365856,4.946986229470637
Kepler-1139 b,1567.0,1.04,0.8131804,0.016,5253.0,0.833,0.73,4.63,0.7,1,1,287.9455985,39.2305281,13.13621,70.5319,60.85443,299.33977,14.229,0.16,-0.16,12.748,12.35,12.339,13.5739,0.0082,-0.0082,1,0,0,0,0,0,1710.9694899291374,1428.006119202429
Kepler-1143 b,970.0,1.43,2.88887,0.036,4948.0,0.72,0.711,4.59,13.9,1,2,287.302772,39.2896399,13.61425,70.37703,61.03513,298.37709,15.493,0.16,-0.16,13.679,13.149,13.075,14.5709,0.0096,-0.0096,1,0,0,0,0,0,1060.3437153347681,210.64331170404273
Kepler-1149 b,1106.0,1.39,3.730927,0.047,5810.0,0.981,0.88,4.54,0.4,1,1,294.1891824,45.1515263,11.53556,78.04201,65.00794,313.15044,15.146,0.046,-0.046,13.739,13.412,13.301,14.4314,0.0085,-0.0085,1,0,0,0,0,0,1212.2772781754288,359.8892449984219
Kepler-1157 b,730.0,0.89,4.457356,0.046,4544.0,0.638,0.61,4.67,13.8,1,1,283.1209268,43.5255701,18.12442,73.21026,65.88614,293.75421,14.603,0.24,-0.24,12.683,12.112,12.015,13.682,0.0061,-0.0061,1,0,0,0,0,0,797.9170589133337,67.54481364115576
Kepler-1168 b,371.0,2.2,55.8228,0.267,5159.0,0.811,0.71,4.64,0.6,1,1,287.2977834,47.455488,16.82074,78.16154,68.86834,303.89135,15.755,0.137,-0.137,14.146,13.771,13.686,15.0158,0.007,-0.007,1,0,0,0,0,0,405.6696312294228,4.512851018530997
Kepler-1171 b,2745.0,3.1,1.4425953,0.03,7222.0,1.65,2.23,3.96,1.46,1,1,294.9589285,38.5915968,7.96784,72.42526,58.66761,309.36113,11.647,0.016,-0.016,10.753,10.587,10.547,11.172,0.0093,-0.0093,1,0,0,0,0,0,3002.4979114268626,13542.282317255325
Kepler-1200 b,1123.0,1.01,1.118557,0.018,4450.0,0.621,0.589,4.69,13.3,1,1,296.6034317,44.1292537,9.53918,77.94098,63.39416,315.86195,16.06,0.183,-0.183,13.96,13.379,13.202,15.0274,0.0101,-0.0101,1,0,0,0,0,0,1227.4811500145215,378.28605647380385
Kepler-1218 b,754.0,1.47,22.92272,0.164,6282.0,1.12,1.22,4.32,3.11,1,1,291.5788505,44.5316825,12.92087,76.63511,65.11031,308.52717,13.73,0.069,-0.069,12.501,12.227,12.177,13.1286,0.0085,-0.0085,1,0,0,0,0,0,826.2079110653052,77.64587775096814
Kepler-1224 b,856.0,1.14,13.323565,0.114,6292.0,1.13,1.08,4.42,1.11,1,1,286.6257591,37.537313,13.3833,68.50921,59.45555,296.51119,12.926,0.069,-0.069,11.891,11.635,11.588,12.4299,0.0071,-0.0071,1,0,0,0,0,0,933.859608795872,126.73231683455664
Kepler-1231 b,788.0,1.27,10.41729,0.093,5817.0,0.98,0.88,4.54,0.5,1,1,288.5882888,42.6056644,14.08078,73.90304,63.97349,302.31998,14.808,0.126,-0.126,13.55,13.238,13.175,14.2256,0.0062,-0.0062,1,0,0,0,0,0,862.8441347847995,92.36137988899918
Kepler-1262 b,758.0,1.8,17.35848,0.134,6114.0,1.05,1.06,4.41,2.9,1,1,288.7718287,42.2131694,13.79639,73.59131,63.5586,302.35762,15.155,0.115,-0.115,14.059,13.719,13.629,14.71,0.0067,-0.0067,1,0,0,0,0,0,829.200191193538,78.77684468751282
Kepler-1268 b,589.0,1.89,40.989,0.244,6337.0,1.15,1.08,4.43,0.57,1,1,287.838419,43.1531776,14.80444,74.19149,64.65562,301.46777,15.484,0.069,-0.069,14.153,13.909,13.764,14.7874,0.0064,-0.0064,1,0,0,0,0,0,642.8861911047436,28.46409610731179
Kepler-1284 b,1603.0,1.21,0.6640818,0.014,5097.0,0.782,0.71,4.63,4.2,1,1,291.2789549,47.6875766,14.44622,79.48676,68.12233,310.9627,15.912,0.126,-0.126,14.162,13.753,13.572,15.0484,0.0066,-0.0066,1,0,0,0,0,0,1750.302914011124,1563.9176130274177
Kepler-1287 b,818.0,1.4,11.47685,0.101,6037.0,1.044,0.95,4.5,0.6,1,1,289.1346298,47.063018,15.51923,78.28521,68.07669,306.72587,15.216,0.035,-0.035,13.925,13.54,13.505,14.5435,0.0062,-0.0062,1,0,0,0,0,0,892.8031570849113,105.87267269669117
Kepler-1341 b,230.0,1.93,132.9955,0.445,4535.0,0.663,0.586,4.72,1.0,2,1,280.5116813,44.1593503,20.10976,73.17245,66.88924,289.47416,15.356,0.137,-0.137,13.285,12.782,12.636,14.3157,0.0067,-0.0067,2,0,0,0,0,0,250.94556205444172,0.6608137726817194
Kepler-1345 b,694.0,2.9,44.61731,0.27,6774.0,1.31,1.46,4.23,1.78,1,1,292.4779428,46.022821,12.99564,78.29545,66.27059,311.27364,13.775,0.172,-0.172,12.802,12.575,12.563,13.3496,0.0075,-0.0075,1,0,0,0,0,0,759.579375165589,55.46942484989998
Kepler-1351 b,1174.0,0.59,0.916139,0.016,4410.0,0.613,0.583,4.69,13.9,1,1,293.6084289,42.1978746,10.56275,75.16841,62.41036,309.8336,14.328,0.103,-0.103,12.225,11.573,11.47,13.3387,0.0061,-0.0061,1,0,0,0,0,0,1283.6490426329665,452.42460135207506
Kepler-1358 b,840.0,1.4,7.063161,0.067,5318.0,0.796,0.86,4.47,14.0,1,1,286.1705469,43.0089,15.86929,73.56001,64.84905,298.62754,14.693,0.103,-0.103,13.22,12.761,12.656,13.9852,0.0065,-0.0065,1,0,0,0,0,0,918.7420264912233,118.7231304420301
Kepler-1363 b,937.0,1.18,2.941938,0.036,4863.0,0.702,0.687,4.61,13.9,1,1,296.9964872,49.2563228,11.74736,82.65749,67.88778,321.90936,15.454,0.057,-0.057,13.665,13.128,12.959,14.6239,0.0063,-0.0063,1,0,0,0,0,0,1024.3887809050143,183.49332110285377
Kepler-137 c,597.0,2.21,18.735721,0.134,5348.0,0.908,0.858,4.53,4.4,1,2,282.1355875,43.0391951,18.62824,72.46721,65.56252,291.79859,13.063,0.103,-0.103,11.65,11.229,11.165,12.4081,0.0068,-0.0068,1,0,0,0,0,0,652.5534183829551,30.21518680701671
Kepler-1376 b,1032.0,1.06,5.308774,0.059,5880.0,0.98,0.93,4.49,2.7,1,1,286.9584368,42.541409,15.15491,73.34563,64.24552,299.63855,14.792,0.195,-0.195,13.444,13.165,13.072,14.1768,0.0066,-0.0066,1,0,0,0,0,0,1125.7092124983826,267.587540894188
Kepler-1387 b,1078.0,0.9,2.279533,0.03,4977.0,0.73,0.72,4.58,14.0,1,1,292.4403029,43.2093456,11.78455,75.69521,63.65494,308.82067,14.727,0.046,-0.046,13.06,12.57,12.514,13.9551,0.0071,-0.0071,1,0,0,0,0,0,1175.727529652836,318.4107756613483
Kepler-139 d,976.0,2.15,7.305685,0.076,5622.0,1.084,1.18,4.33,5.1,1,5,282.3919451,43.8894167,18.74477,73.37771,66.35565,292.67842,12.775,0.092,-0.092,11.53,11.222,11.167,12.1994,0.0064,-0.0064,0,0,0,0,0,0,1068.2145140061202,216.96761019760422
Kepler-142 c,1156.0,2.69,4.761697,0.055,5744.0,0.988,1.14,4.32,8.2,1,3,295.1190067,48.4813635,12.48273,81.36992,67.77288,318.05716,13.277,0.08,-0.08,12.092,11.801,11.762,12.7501,0.006,-0.006,1,0,0,0,0,0,1261.0111825349052,421.34394668962295
Kepler-145 c,732.0,4.32,42.88255,0.261,6022.0,1.28,1.98,3.95,4.21,1,2,291.3877397,44.5290465,13.04277,76.5726,65.15504,308.22108,11.977,0.034,-0.034,10.913,10.693,10.628,11.4853,0.0083,-0.0083,1,0,0,0,0,0,799.8094264351848,68.18786314919207
Kepler-149 b,700.0,7.23,29.198926,0.18,5363.0,0.909,1.58,4.0,14.0,1,3,285.8537014,38.3840916,14.28192,69.05421,60.41635,295.70172,14.152,0.114,-0.114,12.694,12.274,12.184,13.486,0.0122,-0.0122,1,0,0,0,0,0,766.1847676287204,57.42421431899969
Kepler-149 c,567.0,2.66,55.3285,0.275,5363.0,0.909,1.58,4.0,14.0,1,3,285.8537014,38.3840916,14.28192,69.05421,60.41635,295.70172,14.152,0.114,-0.114,12.694,12.274,12.184,13.486,0.0122,-0.0122,1,0,0,0,0,0,619.8739979480572,24.602241903280525
Kepler-150 d,772.0,2.9,12.56091,0.105,5855.0,0.97,0.94,4.48,3.5,1,5,288.2341025,40.520897,13.46754,71.83343,62.04371,300.4854,15.161,0.252,-0.252,13.817,13.422,13.367,14.4746,0.0079,-0.0079,1,0,0,0,0,0,844.7527269417083,84.85538671074649
Kepler-155 b,614.0,1.73,5.9311924,0.0526,4057.0,0.542,0.529,4.721,2.9,1,2,288.4957831,51.0819286,17.44949,81.98736,71.95655,310.04296,14.654,0.183,-0.183,12.533,11.888,11.805,13.528,0.0061,-0.0061,1,0,0,0,0,0,620.4022973891923,24.686220105264454
Kepler-157 d,943.0,1.52,7.025763,0.072,5969.0,1.028,0.92,4.52,0.3,1,3,291.0972257,38.8756049,10.77283,71.27591,59.85499,303.91429,14.206,0.126,-0.126,12.939,12.627,12.573,13.5838,0.0078,-0.0078,1,0,0,0,0,0,1028.8751311800036,186.72896401038597
Kepler-160 b,1091.0,1.66,4.309405,0.052,5889.0,0.993,0.92,4.51,1.6,1,3,287.773573,42.8692755,14.73466,73.9027,64.39672,301.17534,14.816,0.16,-0.16,13.46,13.101,13.052,14.1321,0.0067,-0.0067,1,0,0,0,0,0,1194.4479293187503,339.17973381547307
Kepler-162 c,682.0,3.3,19.446313,0.139,5838.0,0.953,0.98,4.44,5.6,1,2,297.2789115,43.7239693,8.91719,77.82088,62.82858,316.49147,14.351,0.057,-0.057,13.041,12.708,12.658,13.7224,0.0105,-0.0105,1,0,0,0,0,0,747.4861568208471,52.02039239502658
Kepler-1650 b,774.0,1.54,1.5381625,0.021,3673.0,0.487,0.479,4.76,13.9,1,1,297.7292296,42.8666919,8.2103,77.22891,61.9116,316.40806,17.07,0.2,-0.2,12.99,12.438,12.199,14.5237,0.0073683,-0.0073683,1,0,0,0,0,0,845.8872197847284,85.31214490446297
Kepler-1656 b,651.0,5.02,31.578659,0.197,5731.0,1.03,1.1,4.37,6.31,1,2,284.4722473,39.911889,15.86374,70.07924,62.13985,294.21316,11.64,0.017,-0.017,10.046,9.715,9.64,10.6114,0.0061,-0.0061,0,0,0,0,0,0,653.0208737454739,30.30185824124875
Kepler-1689 b,914.0,0.89,8.482949,0.082,5995.0,1.017,0.98,4.46,2.5,1,1,291.5741663,38.6559433,10.34205,71.24425,59.5379,304.49547,12.227,0.08,-0.08,11.065,10.782,10.706,11.678,0.006,-0.006,0,0,0,0,0,0,999.3755608321158,166.2171787631163
Kepler-17 b,1621.0,14.82,1.48571127,0.026,5787.0,1.119,1.048,4.45,1.03,1,1,298.3952437,47.8149865,10.24166,81.82493,66.17969,322.24844,14.314,0.137,-0.137,12.992,12.67,12.585,13.6414,0.0077,-0.0077,1,0,0,0,0,0,1771.6620213712115,1641.6648862821683
Kepler-170 c,704.0,3.31,16.66584,0.131,5679.0,1.089,1.035,4.45,1.8,1,2,284.5211975,41.6296562,16.47671,71.75047,63.8077,295.12194,14.344,0.103,-0.103,13.143,12.773,12.677,13.8294,0.0068,-0.0068,1,0,0,0,0,0,769.7324956461204,58.49520850180709
Kepler-1712 b,413.0,1.94,13.815058,0.091,3954.0,0.532,0.511,4.75,13.8,1,1,284.998698,50.1466922,19.19378,80.2389,71.90828,302.27568,14.946,0.149,-0.149,12.009,11.342,11.124,13.219,0.0073737,-0.0073737,0,0,0,0,0,0,451.81416715622737,6.943850881720852
Kepler-1716 b,392.0,2.14,35.58944,0.188,4789.0,0.701,0.649,4.66,7.9,1,1,297.2717207,43.3330644,8.73059,77.47324,62.47183,316.14343,13.129,0.057,-0.057,11.429,10.897,10.813,12.3151,0.006,-0.006,0,0,0,0,0,0,429.0636140306953,5.647389649965287
Kepler-172 d,723.0,2.3,14.62719,0.111,5540.0,0.85,0.97,4.39,12.7,1,4,283.3684093,41.821839,17.34751,71.60688,64.18333,293.30282,14.703,0.08,-0.08,13.17,12.883,12.793,14.0124,0.0069,-0.0069,1,0,0,0,0,0,789.7098740278719,64.80839709488555
Kepler-1727 b,756.0,2.6,9.029305,0.079,5331.0,0.814,0.82,4.52,9.7,1,1,290.3336142,38.7282722,11.24254,70.87455,59.88037,302.69408,15.751,0.263,-0.263,13.931,13.479,13.429,14.7826,0.0078,-0.0078,0,0,0,0,0,0,828.200500825986,78.3976351735343
Kepler-1732 b,576.0,3.0,32.31153,0.2,5973.0,1.015,0.96,4.48,2.0,1,1,292.2910129,37.5807686,9.353,70.52957,58.34586,304.9421,14.884,0.092,-0.092,13.584,13.25,13.205,14.2341,0.0067,-0.0067,0,0,0,0,0,0,631.0249907811195,26.420877900662138
Kepler-1736 b,569.0,2.14,37.81062,0.225,6099.0,1.06,1.01,4.46,1.7,1,1,289.7766991,38.2622374,11.43245,70.25324,59.54961,301.612,14.808,0.183,-0.183,13.472,13.18,13.073,14.1472,0.0072,-0.0072,0,0,0,0,0,0,623.1053597241529,25.119266588913145
Kepler-1749 b,434.0,1.25,14.53398,0.097,4166.0,0.567,0.54,4.73,13.9,1,1,290.2945805,45.5645196,14.17954,77.20386,66.39335,307.3246,14.95,0.183,-0.183,12.663,11.969,11.809,13.8749,0.0072,-0.0072,0,0,0,0,0,0,473.98402446061453,8.41038397432619
Kepler-1752 b,420.0,4.3,56.36391,0.273,5450.0,0.85,0.83,4.53,7.2,1,1,290.8541401,51.2227435,16.13825,82.71749,71.45281,314.49755,16.0249,0.0459,-0.0459,14.473,13.984,13.999,15.2363,0.0065,-0.0065,0,0,0,0,0,0,458.2343596671672,7.347026564062093
Kepler-1767 b,393.0,2.6,59.6626,0.286,5419.0,0.876,0.77,4.6,0.6,1,1,293.6441248,46.9896696,12.69918,79.54791,66.8457,314.08247,16.206,0.16,-0.16,14.402,13.886,13.792,15.1591,0.0066,-0.0066,0,0,0,0,0,0,428.76065208693916,5.631456042031593
Kepler-178 c,683.0,3.4,20.5528,0.141,5674.0,0.89,1.05,4.34,11.3,1,3,287.1010275,46.8964033,16.73486,77.56786,68.38234,303.04887,14.876,0.195,-0.195,13.28,12.967,12.899,14.072,0.0064,-0.0064,1,0,0,0,0,0,746.6341505518176,51.78362022808672
Kepler-1797 b,690.0,2.5,23.35986,0.166,6248.0,1.12,1.04,4.45,0.4,1,1,292.4642406,45.9682799,12.9805,78.2408,66.22367,311.20064,15.421,0.081,-0.081,14.21,13.92,13.83,14.8525,0.0068,-0.0068,0,0,0,0,0,0,754.1141193798574,53.89013807257508
Kepler-1809 b,879.0,1.08,3.757307,0.043,4969.0,0.744,0.691,4.63,7.0,1,1,290.2651662,40.5484937,12.07928,72.52602,61.64127,303.64425,14.271,0.15,-0.15,12.662,12.156,12.16,13.5299,0.0061,-0.0061,0,0,0,0,0,0,960.5217829845594,141.8371123395429
Kepler-1811 b,439.0,2.9,76.4241,0.36,6082.0,1.062,0.97,4.49,0.4,1,1,289.9793241,40.1427848,12.10156,72.05562,61.31501,302.96362,15.327,0.195,-0.195,14.02,13.617,13.606,14.6745,0.0074,-0.0074,0,0,0,0,0,0,481.40928052880963,8.949913553996167
Kepler-1841 b,576.0,1.78,25.88898,0.162,5495.0,0.843,0.92,4.44,11.6,1,1,287.7069031,40.6852161,13.89999,71.81906,62.30749,299.75058,14.855,0.206,-0.206,13.245,12.826,12.745,13.995,0.0064,-0.0064,0,0,0,0,0,0,631.4479081738001,26.49177897219241
Kepler-1867 b,774.0,0.7,9.88744,0.089,5698.0,0.95,0.84,4.56,0.5,1,1,294.9971007,43.4358698,10.23146,76.76315,63.20117,312.8856,13.549,0.057,-0.057,12.307,11.953,11.897,12.9574,0.0061,-0.0061,0,0,0,0,0,0,844.1128474938364,84.59857520033978
Kepler-1869 b,1246.0,2.64,8.167335,0.082,5803.0,1.122,1.94,3.91,6.3,1,2,292.6149958,42.7643438,11.47224,75.34626,63.19303,308.75037,10.31,0.005,-0.005,9.052,8.761,8.693,9.6523,0.0061,-0.0061,0,0,0,0,0,0,1361.0683498362202,571.848185835288
Kepler-1873 b,1684.0,1.19,0.5588406,0.012,5046.0,0.782,0.69,4.66,1.0,1,1,294.596557,46.0483705,11.69033,78.98964,65.71984,314.62701,15.889,0.058,-0.058,14.149,13.676,13.569,14.9859,0.0083,-0.0083,0,0,0,0,0,0,1845.0774210293857,1931.1650117860968
Kepler-1874 b,319.0,2.04,56.57372,0.249,4588.0,0.647,0.619,4.67,13.8,1,1,286.3718158,43.692081,15.99548,74.27465,65.46891,299.39496,15.434,0.217,-0.217,13.191,12.613,12.473,14.2562,0.0068,-0.0068,0,0,0,0,0,0,348.82089005994567,2.4670102339132374
Kepler-189 c,531.0,2.53,20.13493,0.136,5220.0,0.824,0.72,4.63,0.7,1,2,287.5646296,44.3050662,15.4413,75.20665,65.81556,301.80986,14.971,0.183,-0.183,13.408,12.941,12.921,14.251,0.0063,-0.0063,1,0,0,0,0,0,579.1628849245415,18.748386520613916
Kepler-190 b,1157.0,1.51,2.020012,0.029,5194.0,0.802,0.74,4.61,4.8,1,2,288.5839761,44.7337701,14.94343,75.91261,66.00443,303.82481,14.336,0.069,-0.069,12.728,12.279,12.231,13.5519,0.0063,-0.0063,1,0,0,0,0,0,1265.1797493786978,426.9430370938584
Kepler-191 c,558.0,2.02,17.73857,0.125,5235.0,0.828,0.73,4.63,0.9,1,3,291.1833211,45.3230937,13.51221,77.2472,65.94967,308.5629,14.987,0.092,-0.092,13.42,12.959,12.883,14.2068,0.0067,-0.0067,1,0,0,0,0,0,610.0375037493925,23.07741439282492
Kepler-192 d,848.0,0.91,6.47052,0.066,5524.0,0.905,0.8,4.59,0.5,1,3,287.9179379,45.5928829,15.7141,76.53877,66.96722,303.37897,14.308,0.183,-0.183,12.892,12.512,12.427,13.6013,0.0064,-0.0064,1,0,0,0,0,0,927.385115814712,123.25413349246969
Kepler-193 b,888.0,2.46,11.38857,0.104,6306.0,1.139,1.06,4.44,0.3,1,2,296.4985951,46.5772484,10.77346,80.09004,65.65321,318.06324,14.712,0.046,-0.046,13.539,13.242,13.218,14.1656,0.0077,-0.0077,1,0,0,0,0,0,970.7863364201586,147.99792550007007
Kepler-196 c,432.0,2.3,47.42693,0.236,5231.0,0.783,0.83,4.5,14.0,1,3,284.9685077,42.0791214,16.33606,72.31497,64.16811,296.09775,14.239,0.092,-0.092,12.752,12.3,12.235,13.545,0.0076,-0.0076,1,0,0,0,0,0,473.0436210639486,8.343836190022152
Kepler-197 b,1157.0,1.18,5.59935,0.059,5877.0,0.864,1.18,4.23,11.7,2,4,295.2264739,50.5592348,13.35928,83.30414,69.57907,320.89119,11.775,0.024,-0.024,10.814,10.577,10.535,11.4036,0.0061,-0.0061,2,0,0,0,0,0,1267.3720181565868,429.909918114319
Kepler-197 c,942.0,1.4,10.349678,0.089,5877.0,0.864,1.18,4.23,11.7,2,4,295.2264739,50.5592348,13.35928,83.30414,69.57907,320.89119,11.775,0.024,-0.024,10.814,10.577,10.535,11.4036,0.0061,-0.0061,2,0,0,0,0,0,1031.8940701664226,188.93023923190816
Kepler-1977 b,764.0,1.44,4.536993,0.048,4771.0,0.717,0.633,4.69,1.3,1,1,290.6178587,37.2891002,10.40856,69.65882,58.43445,302.35235,16.047,0.126,-0.126,14.058,13.46,13.358,14.9799,0.0087,-0.0087,0,0,0,0,0,0,835.4569546516141,81.1815467820223
Kepler-1990 c,1173.0,1.09,4.068545,0.052,5838.0,1.112,1.079,4.42,2.5,1,2,299.7047433,44.4357068,7.76339,79.32401,62.75291,320.60547,11.946,0.052,-0.052,11.398,11.124,11.055,12.1207,0.0091,-0.0091,0,0,0,0,0,0,1282.3499727131066,450.59594075955494
Kepler-1994 b,1018.0,0.51,4.612264,0.051,5450.0,0.829,0.92,4.43,12.9,1,1,297.1487941,46.2969247,10.24589,80.05739,65.20692,318.74429,12.01,0.028,-0.028,10.615,10.275,10.185,11.3139,0.006,-0.006,0,0,0,0,0,0,1116.1916096358943,258.65210781006016
Kepler-207 b,1709.0,1.17,1.611881,0.027,6080.0,1.04,1.1,4.37,4.1,1,3,290.0305195,42.1660555,12.9292,73.94724,63.23839,304.31663,13.164,0.103,-0.103,12.1,11.841,11.805,12.7362,0.0081,-0.0081,1,0,0,0,0,0,1871.3346773379174,2043.4634274516707
Kepler-213 c,1018.0,2.1,4.822934,0.055,5806.0,0.976,0.87,4.55,0.4,1,2,290.8241931,44.6472832,13.45626,76.507,65.40358,307.41625,13.705,0.126,-0.126,12.477,12.17,12.122,13.1409,0.0061,-0.0061,1,0,0,0,0,0,1113.496198745034,256.16274152792073
Kepler-214 c,661.0,2.04,28.77957,0.193,6352.0,1.15,1.07,4.44,0.23,1,2,284.7548499,44.95605,17.5388,75.05181,66.99405,297.45699,14.057,0.183,-0.183,12.941,12.678,12.607,13.5078,0.0065,-0.0065,1,0,0,0,0,0,721.2023770664691,45.08059145633791
Kepler-215 c,792.0,1.57,14.6673,0.116,5922.0,0.977,1.07,4.37,6.4,1,4,294.9735313,45.2136867,11.07277,78.35687,64.84929,314.40883,13.678,0.126,-0.126,12.417,12.065,11.996,13.0877,0.0061,-0.0061,1,0,0,0,0,0,867.2907669945422,94.28007068196351
Kepler-216 c,766.0,2.73,17.40652,0.137,6278.0,1.129,1.05,4.45,0.28,1,2,293.7280695,46.1291139,12.26418,78.78512,66.03385,313.35389,14.054,0.195,-0.195,12.956,12.695,12.621,13.5496,0.0081,-0.0081,1,0,0,0,0,0,838.0869978743474,82.20863166830827
Kepler-220 c,607.0,1.64,9.034208,0.076,4689.0,0.717,0.655,4.66,6.0,1,4,291.5060432,46.8956262,13.97444,78.81162,67.33175,310.53807,13.049,0.092,-0.092,11.206,10.672,10.55,12.1813,0.006,-0.006,1,0,0,0,0,0,663.7851194882364,32.34975952827616
Kepler-221 d,723.0,2.81,10.041555,0.085,5324.0,0.816,0.81,4.54,8.7,1,4,296.6547477,46.8352242,10.80167,80.37293,65.83933,318.57027,13.97,0.149,-0.149,12.413,11.995,11.9,13.1969,0.0062,-0.0062,1,0,0,0,0,0,792.5095769930265,65.73233862047019
Kepler-222 d,494.0,3.3,28.08209,0.172,5342.0,0.857,0.76,4.62,0.7,1,3,287.9060885,46.9377479,16.24184,77.8255,68.24343,304.49306,15.407,0.046,-0.046,13.717,13.341,13.235,14.5083,0.0066,-0.0066,1,0,0,0,0,0,541.4768354349229,14.324535095938115
Kepler-226 b,1015.0,1.66,3.941046,0.047,5559.0,0.912,0.81,4.58,0.5,1,3,292.3760942,47.8809596,13.85946,79.98836,68.00803,312.97994,15.563,0.172,-0.172,14.114,13.724,13.633,14.8691,0.0064,-0.0064,1,0,0,0,0,0,1112.8168172409241,255.53813941709646
Kepler-227 c,483.0,3.1,54.41759,0.274,5763.0,0.92,0.99,4.41,7.7,1,2,291.9342748,48.141676,14.23776,80.10231,68.36588,312.53545,15.623,0.126,-0.126,14.082,13.751,13.648,14.8192,0.0068,-0.0068,1,0,0,0,0,0,528.231579408993,12.973538715838675
Kepler-228 c,1138.0,2.8,4.134403,0.051,6014.0,1.04,0.94,4.51,0.3,1,3,296.2860853,48.2246328,11.67615,81.50262,67.19429,319.56339,15.902,0.126,-0.126,14.528,14.113,14.132,15.2058,0.0066,-0.0066,1,0,0,0,0,0,1245.0181659631962,400.37205796281364
Kepler-229 b,755.0,2.1,6.252948,0.062,5099.0,0.794,0.7,4.65,1.1,1,3,286.9994758,48.3757867,17.34816,78.97779,69.80276,304.22402,16.22,0.024,-0.024,14.363,13.868,13.785,15.2154,0.0067,-0.0067,1,0,0,0,0,0,826.1741702528442,77.63319486819749
Kepler-229 d,405.0,3.3,41.19274,0.216,5099.0,0.794,0.7,4.65,1.1,1,3,286.9994758,48.3757867,17.34816,78.97779,69.80276,304.22402,16.22,0.024,-0.024,14.363,13.868,13.785,15.2154,0.0067,-0.0067,1,0,0,0,0,0,442.6297314261981,6.39621915880811
Kepler-23 d,1036.0,2.81,15.27448,0.128,6142.0,1.19,1.87,3.97,4.9,1,3,294.2189131,49.4792536,13.45799,82.01371,68.92985,317.84481,13.567,0.172,-0.172,12.353,12.047,11.998,12.9696,0.0069,-0.0069,1,0,0,0,0,0,1132.0329193910045,273.651121610494
Kepler-24 d,1237.0,1.7,4.244363,0.052,6043.0,1.02,1.12,4.35,5.2,1,4,290.4132621,38.3437283,11.01831,70.54989,59.49349,302.60374,15.04,0.08,-0.08,13.763,13.445,13.372,14.4278,0.0074,-0.0074,1,0,0,0,0,0,1352.3632469883744,557.3582646984307
Kepler-240 c,662.0,1.99,7.953558,0.071,4921.0,0.753,0.661,4.67,0.9,1,2,291.1587635,40.7502108,11.55622,73.01252,61.63316,305.13317,15.953,1.133,-1.133,14.113,13.606,13.464,15.0097,0.0068,-0.0068,1,0,0,0,0,0,724.0329753269913,45.79250399573346
Kepler-245 b,785.0,2.7,7.490188,0.069,5215.0,0.777,0.8,4.52,13.4,1,4,291.6389972,42.4363482,11.97179,74.72154,63.12201,307.00839,15.546,0.252,-0.252,14.121,13.688,13.639,14.9988,0.0078,-0.0078,1,0,0,0,0,0,856.2649883617821,89.57643080318213
Kepler-252 b,608.0,1.26,6.668391,0.059,4397.0,0.61,0.58,4.7,13.9,1,2,295.579329,44.5459052,10.38166,77.95933,64.0664,314.71379,15.406,0.069,-0.069,13.24,12.65,12.466,14.2831,0.0081,-0.0081,1,0,0,0,0,0,664.7799037760695,32.54412030079554
Kepler-261 c,518.0,2.17,24.57078,0.158,5218.0,0.876,0.799,4.58,2.4,1,2,291.3647333,37.609239,10.02041,70.2185,58.5807,303.61155,13.738,0.103,-0.103,12.127,11.672,11.585,12.9452,0.0061,-0.0061,1,0,0,0,0,0,565.8252795513748,17.080099411522994
Kepler-263 b,592.0,2.66,16.56806,0.118,5245.0,0.801,0.77,4.57,7.9,1,2,292.4698022,37.5677941,9.22104,70.58352,58.29257,305.19333,15.435,0.137,-0.137,13.994,13.531,13.548,14.8343,0.0088,-0.0088,1,0,0,0,0,0,646.0755071792277,29.033147210530068
Kepler-264 c,560.0,3.74,140.0914,0.586,6235.0,1.37,2.43,3.8,3.17,1,2,292.044628,37.3761861,9.43386,70.25469,58.2056,304.47468,13.15,0.114,-0.114,11.918,11.692,11.591,12.5578,0.0095,-0.0095,1,0,0,0,0,0,612.2435412678591,23.413042675881158
Kepler-265 e,493.0,2.51,67.8299,0.341,6315.0,1.15,1.07,4.44,0.28,1,4,290.5104788,41.244743,12.21177,73.25046,62.25196,304.45733,15.47,0.16,-0.16,14.252,13.935,13.897,14.9117,0.0077,-0.0077,1,0,0,0,0,0,539.4130883083453,14.107398271847778
Kepler-268 b,699.0,2.9,25.93416,0.179,6314.0,1.13,1.13,4.39,1.71,1,2,291.9761559,38.0550327,9.79009,70.84335,58.87163,304.74676,13.844,0.114,-0.114,12.675,12.411,12.382,13.2581,0.0074,-0.0074,1,0,0,0,0,0,764.9811072832968,57.06421476945485
Kepler-270 b,990.0,1.87,11.47613,0.105,6419.0,1.17,1.28,4.29,2.73,1,2,282.2001207,44.4222795,19.05505,73.85816,66.90561,292.62638,13.9,0.114,-0.114,12.938,12.614,12.627,13.4626,0.007,-0.007,1,0,0,0,0,0,1080.7148937587071,227.3032022990228
Kepler-270 c,760.0,1.59,25.2629,0.178,6419.0,1.17,1.28,4.29,2.73,1,2,282.2001207,44.4222795,19.05505,73.85816,66.90561,292.62638,13.9,0.114,-0.114,12.938,12.614,12.627,13.4626,0.007,-0.007,1,0,0,0,0,0,830.0338140098345,79.09411076084857
Kepler-271 d,1039.0,0.7,5.24948,0.058,5759.0,0.925,0.97,4.43,7.1,1,3,283.0029316,44.284108,18.46832,73.92797,66.6445,293.96933,13.578,0.16,-0.16,12.198,11.819,11.745,12.9431,0.0066,-0.0066,1,0,0,0,0,0,1135.6705780211967,277.18549867183117
Kepler-277 b,903.0,2.92,17.3244,0.139,5946.0,1.199,1.65,4.08,5.0,1,2,286.5831894,39.0772582,14.0381,69.94431,60.96227,297.15527,13.544,0.103,-0.103,12.288,12.003,11.966,12.9339,0.0093,-0.0093,1,0,0,0,0,0,987.8543180891983,158.6838094033123
Kepler-287 c,520.0,3.1,44.85199,0.241,5779.0,0.93,1.0,4.4,7.6,1,2,290.9274282,48.4434588,14.97247,80.09807,68.90988,311.1796,14.952,0.115,-0.115,13.542,13.201,13.135,14.2453,0.0066,-0.0066,1,0,0,0,0,0,567.6460222418107,17.301007843888403
Kepler-295 c,631.0,1.42,21.52651,0.145,5631.0,0.885,0.94,4.44,8.8,1,3,285.3458383,45.3677754,17.29955,75.61222,67.28017,298.77271,14.631,0.137,-0.137,13.145,12.763,12.717,13.905,0.0063,-0.0063,1,0,0,0,0,0,691.3514511111921,38.06768985823265
Kepler-298 c,440.0,2.58,22.92927,0.138,4655.0,0.66,0.635,4.65,14.0,1,3,283.0398448,48.8253303,19.96081,78.47034,71.03557,297.19535,15.617,0.126,-0.126,13.718,13.139,13.075,14.7267,0.0068,-0.0068,1,0,0,0,0,0,481.50458893347013,8.957003199866783
Kepler-319 d,697.0,4.3,31.78226,0.194,5708.0,0.96,1.49,4.08,10.8,1,3,288.8119782,39.7706431,12.75373,71.32161,61.20302,300.96166,13.926,0.114,-0.114,12.631,12.315,12.208,13.3015,0.0075,-0.0075,1,0,0,0,0,0,762.7981997313237,56.41565633445016
Kepler-32 f,1137.0,0.86,0.742956,0.013,4061.0,0.549,0.524,4.74,13.9,1,5,297.8423073,46.5743595,9.96232,80.53919,65.24682,320.05971,16.36,0.549,-0.549,13.616,12.901,12.757,14.8153,0.0074467,-0.0074467,1,0,0,0,0,0,1243.2554810417298,398.1094967421477
Kepler-322 b,1801.0,1.97,1.653898,0.026,5536.0,0.9,1.41,4.09,14.0,1,2,281.3487514,44.2952525,19.58672,73.51645,66.9073,291.04101,13.687,0.103,-0.103,12.246,11.867,11.837,12.9875,0.0061,-0.0061,1,0,0,0,0,0,1965.8591104295422,2488.688640470946
Kepler-328 c,455.0,5.4,71.3101,0.344,6134.0,1.07,0.97,4.49,0.3,1,2,295.8092756,40.0084866,8.07033,73.9995,59.7841,311.49713,15.794,0.115,-0.115,14.463,14.194,14.187,15.1414,0.007,-0.007,1,0,0,0,0,0,496.6882008985436,10.141364217918111
Kepler-331 d,364.0,2.19,32.13493,0.172,4496.0,0.653,0.579,4.73,1.2,1,3,291.8343455,39.3073462,10.45298,71.92848,60.1016,305.25938,16.199,0.149,-0.149,14.082,13.512,13.343,15.1154,0.0082,-0.0082,1,0,0,0,0,0,397.7725291361757,4.171575942340478
Kepler-334 c,815.0,1.48,12.758079,0.109,6095.0,1.06,1.0,4.46,1.6,1,3,287.1406177,47.1151153,16.79191,77.79017,68.58099,303.30898,12.834,0.069,-0.069,11.71,11.448,11.409,12.3108,0.0064,-0.0064,1,0,0,0,0,0,890.2129069424496,104.64935459408909
Kepler-336 c,873.0,1.89,9.599922,0.09,6064.0,1.057,0.96,4.5,0.3,1,3,290.2376224,41.3313637,12.43412,73.24044,62.39577,304.09159,13.677,0.149,-0.149,12.488,12.194,12.144,13.1373,0.0061,-0.0061,1,0,0,0,0,0,955.0079351436336,138.60820137390067
Kepler-336 d,676.0,2.16,20.67885,0.15,6064.0,1.057,0.96,4.5,0.3,1,3,290.2376224,41.3313637,12.43412,73.24044,62.39577,304.09159,13.677,0.149,-0.149,12.488,12.194,12.144,13.1373,0.0061,-0.0061,1,0,0,0,0,0,739.7459656614452,49.89895249460424
Kepler-346 c,642.0,3.5,23.85136,0.163,5996.0,1.02,0.96,4.48,1.7,1,2,288.0119248,46.1176003,15.85796,77.06755,67.4442,303.9682,15.261,0.137,-0.137,13.968,13.611,13.582,14.6603,0.0066,-0.0066,1,0,0,0,0,0,701.6763909294576,40.393219011330345
Kepler-39 b,851.0,12.240228,21.087168,0.1539,6260.0,1.08,1.225,4.294,4.4,1,1,296.9603348,46.0342954,10.23403,79.75961,65.02593,318.19585,14.355,0.172,-0.172,13.236,12.999,12.918,13.8261,0.0098,-0.0098,1,0,0,0,0,0,851.640866923435,87.65707624403214
Kepler-397 b,527.0,2.51,22.25088,0.146,5299.0,0.844,0.74,4.62,0.6,1,2,295.8940373,42.3805156,9.15365,76.13477,61.97735,313.35952,16.357,0.252,-0.252,14.587,14.123,13.9,15.484,0.019,-0.019,1,0,0,0,0,0,575.2634442853588,18.24853968151609
Kepler-40 b,1068.0,7.0,6.8731791,0.074,6354.0,1.15,1.07,4.44,0.27,1,1,296.8136883,47.5265446,11.03503,81.04474,66.41163,319.565,14.657,0.172,-0.172,13.536,13.294,13.27,14.1348,0.0071,-0.0071,1,0,0,0,0,0,1165.082462858712,307.0348466798875
Kepler-402 b,1388.0,1.14,4.028742,0.053,6534.0,1.21,1.23,4.34,1.4,1,4,288.3701976,43.3546109,14.53038,74.54275,64.73643,302.4715,13.27,0.092,-0.092,12.303,12.082,11.993,12.8187,0.0065,-0.0065,1,0,0,0,0,0,1517.8441347860992,884.4427261434575
Kepler-404 b,712.0,1.3,11.82913,0.099,5612.0,0.925,0.82,4.58,0.4,1,2,286.3985796,45.3435241,16.60325,75.87463,67.04952,300.58505,15.479,0.126,-0.126,13.908,13.527,13.477,14.6698,0.0064,-0.0064,0,0,0,0,0,0,778.8259561973749,61.30878017532707
Kepler-414 b,1015.0,1.69,4.69964,0.054,5536.0,0.951,0.933,4.48,5.5,1,2,297.9615616,48.2443363,10.70429,82.06217,66.69497,322.11272,13.378,0.24,-0.24,12.087,11.75,11.698,12.8076,0.0061,-0.0061,1,0,0,0,0,0,1109.6178875037258,252.61248083599506
Kepler-43 b,1603.0,12.498035,3.0240933,0.044,6041.0,1.24,1.332,4.281,2.7,1,1,285.2408288,46.6682411,17.83658,76.85693,68.54929,299.55235,13.986,0.149,-0.149,12.858,12.605,12.549,13.4633,0.007,-0.007,1,0,0,0,0,0,1602.7583038236316,1099.5959964219398
Kepler-430 b,631.0,2.53,35.96826,0.22,6242.0,1.1,1.16,4.35,2.84,1,2,292.8085984,49.5794242,14.32619,81.69761,69.42817,315.66606,13.908,0.16,-0.16,12.743,12.486,12.391,13.3844,0.0067,-0.0067,1,0,0,0,0,0,691.154029349551,38.02422616484817
Kepler-431 b,1360.0,1.25,6.802581,0.075,6306.0,1.21,1.79,4.01,4.34,1,3,281.1123072,43.2277663,19.39477,72.38789,65.89306,290.10622,12.139,0.028,-0.028,10.945,10.678,10.649,11.5319,0.0071,-0.0071,1,0,0,0,0,0,1485.5363253172616,811.5104395986044
Kepler-431 d,1128.0,1.82,11.92163,0.109,6306.0,1.21,1.79,4.01,4.34,1,3,281.1123072,43.2277663,19.39477,72.38789,65.89306,290.10622,12.139,0.028,-0.028,10.945,10.678,10.649,11.5319,0.0071,-0.0071,1,0,0,0,0,0,1232.2551975570118,384.2055570021168
Kepler-450 c,905.0,2.5,15.413121,0.128,6418.0,1.18,1.31,4.28,2.87,1,3,295.4865821,51.0135237,13.4167,83.79725,69.89372,321.94982,11.991,0.029,-0.029,10.708,10.472,10.429,11.2877,0.0069,-0.0069,1,0,0,0,0,0,990.0652132379629,160.10917265634575
Kepler-471 b,1225.0,9.0,5.0142325,0.06,6411.0,1.17,1.13,4.4,0.72,1,1,299.0975167,43.4975851,7.66243,78.28462,62.08669,318.89474,13.767,0.069,-0.069,12.804,12.583,12.562,13.3926,0.0115,-0.0115,1,0,0,0,0,0,1341.5992263391079,539.8240188050706
Kepler-482 b,331.0,1.94,56.35387,0.253,4768.0,0.682,0.627,4.68,6.8,1,1,296.8229326,48.1077628,11.30521,81.56932,66.92693,320.24409,14.049,0.16,-0.16,12.173,11.661,11.536,13.1287,0.0061,-0.0061,1,0,0,0,0,0,361.94550065207574,2.8597873222484007
Kepler-500 b,851.0,2.4,8.508355,0.081,5829.0,0.982,0.89,4.53,0.9,1,1,295.9513472,43.8519884,9.81856,77.46634,63.32343,314.65689,14.324,0.08,-0.08,12.995,12.693,12.588,13.687,0.009,-0.009,1,0,0,0,0,0,931.7083226572067,125.56855805202775
Kepler-504 b,445.0,1.94,9.549273,0.07,3804.0,0.508,0.493,4.76,13.9,2,1,284.9219608,45.9723265,17.79385,76.09155,67.94257,298.45727,15.143,0.114,-0.114,12.0,11.374,11.155,13.3579,0.0075614,-0.0075614,2,0,0,0,0,0,486.7975385787883,9.357385074476152
Kepler-522 b,655.0,5.19,38.58336,0.247,6285.0,1.341,1.38,4.29,1.23,1,1,288.153973,44.0688154,14.95975,75.15464,65.46489,302.61921,12.22,0.332,-0.332,11.302,11.092,11.068,11.7942,0.0063,-0.0063,1,0,0,0,0,0,716.3574375824024,43.881362590018085
Kepler-524 b,1056.0,2.4,7.974157,0.079,6024.0,1.03,1.25,4.26,6.4,1,2,296.8591787,49.1620125,11.78199,82.52933,67.84784,321.58054,14.082,0.114,-0.114,12.729,12.46,12.384,13.4203,0.0092,-0.0092,1,0,0,0,0,0,1155.473127760752,297.03006243570945
Kepler-528 b,675.0,1.96,19.78302,0.145,6014.0,1.039,0.94,4.51,0.4,1,1,295.6848595,47.7480914,11.81075,80.88058,66.94812,318.09235,14.064,0.126,-0.126,12.795,12.488,12.409,13.4465,0.0069,-0.0069,1,0,0,0,0,0,738.3746451754056,49.52997492324747
Kepler-533 b,422.0,2.94,28.511096,0.161,4736.0,0.677,0.656,4.63,13.9,1,1,293.6856893,48.8249915,13.4834,81.25178,68.49907,316.18245,14.128,0.149,-0.149,12.335,11.778,11.683,13.2635,0.0061,-0.0061,1,0,0,0,0,0,460.9821415083893,7.524842457983022
Kepler-534 b,748.0,2.36,15.959946,0.128,5935.0,1.094,1.044,4.44,1.7,1,2,296.4185696,49.540148,12.21263,82.73358,68.31716,321.3891,13.387,0.126,-0.126,12.063,11.775,11.708,12.7883,0.0088,-0.0088,1,0,0,0,0,0,817.3337142323157,74.3633012700656
Kepler-536 b,1791.0,5.73,1.8270813,0.028,5364.0,0.916,1.6,3.99,13.7,1,1,297.7363605,49.637101,11.50532,83.23303,67.98622,323.52151,14.032,0.126,-0.126,12.379,11.988,11.892,13.2255,0.0062,-0.0062,1,0,0,0,0,0,1955.2539438513572,2435.4189987845452
Kepler-549 d,562.0,4.2,24.614847,0.157,5461.0,0.847,0.85,4.5,8.6,1,3,283.0228527,47.2611431,19.46173,76.89558,69.53079,295.92843,14.805,0.149,-0.149,13.303,12.903,12.826,14.079,0.0067,-0.0067,0,0,0,0,0,0,612.7244898619272,23.486697975839725
Kepler-55 c,343.0,1.77,42.14334,0.203,4509.0,0.631,0.602,4.68,14.0,1,5,285.1683291,44.0264898,16.92531,74.25808,66.01988,297.57113,15.746,0.355,-0.355,13.97,13.359,13.289,15.0506,0.0063,-0.0063,1,0,0,0,0,0,374.42418030416866,3.275039619736017
Kepler-55 d,906.0,1.59,2.2111068,0.029,4509.0,0.631,0.602,4.68,14.0,1,5,285.1683291,44.0264898,16.92531,74.25808,66.01988,297.57113,15.746,0.355,-0.355,13.97,13.359,13.289,15.0506,0.0063,-0.0063,1,0,0,0,0,0,990.633265934039,160.47694136706485
Kepler-550 b,762.0,4.2,8.600121,0.076,5256.0,0.783,0.82,4.5,13.8,1,1,297.7001786,47.8637046,10.67286,81.63717,66.43998,321.27721,14.626,0.08,-0.08,13.097,12.677,12.562,13.8959,0.0076,-0.0076,1,0,0,0,0,0,832.5089522577551,80.04176500640413
Kepler-561 b,434.0,6.5,58.36209,0.279,5488.0,0.846,0.9,4.46,10.5,1,2,293.7471107,45.1071981,11.79362,77.85752,65.08645,312.42728,14.427,0.08,-0.08,13.061,12.69,12.585,13.799,0.0083,-0.0083,1,0,0,0,0,0,475.29876025112674,8.504087761852604
Kepler-563 b,529.0,3.4,22.184312,0.141,5129.0,0.758,0.77,4.54,13.7,1,1,292.4461832,46.2897548,13.13135,78.53249,66.52589,311.47588,14.901,0.08,-0.08,13.358,12.831,12.773,14.1494,0.0065,-0.0065,1,0,0,0,0,0,577.96552105155,18.59382467590846
Kepler-568 b,434.0,2.64,11.023423,0.078,3877.0,0.519,0.502,4.75,14.0,1,1,298.1061315,48.4016448,10.69666,82.24963,66.78801,322.51575,15.216,0.152,-0.152,11.804,11.163,10.963,13.1731,0.0073928,-0.0073928,1,0,0,0,0,0,474.27887818269164,8.431331076461905
Kepler-570 b,1000.0,2.5,4.301671,0.049,5447.0,0.84,0.85,4.51,8.5,1,1,290.4376111,48.7918597,15.40995,80.29149,69.35775,310.73001,14.451,0.114,-0.114,13.07,12.719,12.605,13.7977,0.0064,-0.0064,1,0,0,0,0,0,1093.9619679674142,238.6546511560812
Kepler-577 b,467.0,2.37,25.69597,0.157,5057.0,0.784,0.688,4.66,0.8,1,1,294.7119855,39.0737317,8.36644,72.76119,59.18605,309.31088,15.155,0.046,-0.046,13.438,12.952,12.861,14.3274,0.012,-0.012,1,0,0,0,0,0,510.470644478712,11.314727434318257
Kepler-596 b,735.0,3.22,21.30003,0.158,6354.0,1.156,1.09,4.43,0.4,1,1,289.5006797,51.6857106,17.09529,82.82015,72.23987,312.72117,14.128,0.08,-0.08,13.074,12.812,12.715,13.6123,0.0071,-0.0071,1,0,0,0,0,0,804.7580723732806,69.89118021766838
Kepler-598 b,1048.0,1.41,3.70173,0.044,5245.0,0.854,0.903,4.458,12.3,1,2,293.1234493,40.9348005,10.30916,73.85727,61.34162,308.21098,14.829,0.035,-0.035,13.41,12.977,12.931,14.1814,0.009,-0.009,1,0,0,0,0,0,1145.767383794195,287.17513115644937
Kepler-599 b,598.0,2.64,15.65558,0.112,5148.0,0.76,0.78,4.54,13.8,1,1,285.9115968,41.0695091,15.29828,71.62551,63.01954,297.09807,15.067,0.137,-0.137,13.51,13.031,12.972,14.3527,0.007,-0.007,1,0,0,0,0,0,655.1040041678988,30.690362863348845
Kepler-60 b,1205.0,2.2,7.131618,0.075,6180.0,1.12,1.47,4.16,5.0,1,3,288.9612535,42.2650472,13.68998,73.69945,63.56774,302.69285,13.95,0.137,-0.137,12.804,12.569,12.516,13.4729,0.0072,-0.0072,1,0,0,0,0,0,1319.3193632302984,504.84813168209774
Kepler-616 c,401.0,3.4,90.41119,0.398,5969.0,1.025,0.92,4.52,0.4,1,3,294.989137,46.8383058,11.81086,79.83355,66.32907,316.03227,15.021,0.058,-0.058,13.814,13.412,13.448,14.4617,0.0067,-0.0067,1,0,0,0,0,0,437.6101456763943,6.110975413688042
Kepler-619 b,1072.0,3.0,5.404283,0.062,6119.0,1.07,0.98,4.49,0.4,1,3,290.8490899,48.4159782,15.00864,80.05008,68.90511,311.01676,14.84,0.046,-0.046,13.579,13.263,13.291,14.211,0.0069,-0.0069,1,0,0,0,0,0,1173.089295945087,315.5624327520713
Kepler-625 c,1273.0,1.22,4.165471,0.054,6125.0,1.223,1.199,4.37,1.28,1,2,292.1504723,39.6375254,10.38327,72.33987,60.34339,305.92754,13.395,0.08,-0.08,12.203,11.938,11.905,12.8255,0.008,-0.008,1,0,0,0,0,0,1391.7211600239436,625.1294066867382
Kepler-633 c,859.0,2.9,23.78362,0.175,6306.0,1.26,1.67,4.09,3.52,1,2,295.2173259,40.5921599,8.74621,74.29882,60.48747,311.04916,13.812,0.08,-0.08,12.437,12.101,11.978,13.117,0.11,-0.11,0,0,0,0,0,0,939.3481910432762,129.73806637394392
Kepler-634 b,1240.0,1.67,5.169487,0.062,6481.0,1.192,1.17,4.38,0.89,1,1,291.19509,40.7027352,11.51067,72.98129,61.57958,305.15819,13.626,0.092,-0.092,12.511,12.22,12.16,13.0982,0.0077,-0.0077,1,0,0,0,0,0,1357.6022006580438,566.0452373348395
Kepler-638 b,1174.0,2.8,6.079629,0.063,5480.0,0.906,1.49,4.05,14.0,1,1,284.9194213,41.6172093,16.19611,71.85484,63.72751,295.77113,13.658,0.069,-0.069,12.181,11.765,11.683,12.9774,0.0063,-0.0063,1,0,0,0,0,0,1285.0997635571346,454.47330875852015
Kepler-662 b,486.0,2.5,21.6769,0.136,4900.0,0.718,0.687,4.62,11.0,1,1,290.4650801,47.9291252,15.0438,79.48167,68.55523,309.84653,15.598,0.057,-0.057,13.81,13.298,13.201,14.7396,0.0066,-0.0066,1,0,0,0,0,0,531.0536768348181,13.253014947986005
Kepler-68 b,1280.0,2.31,5.398763,0.0617,5793.0,1.079,1.243,4.281,6.3,2,4,291.0323102,49.0402129,15.15359,80.69124,69.42897,312.03005,10.077,0.004,-0.004,8.975,8.662,8.588,9.50898,0.006,-0.006,2,0,3,0,0,2,1253.8048242123602,411.7947007514114
Kepler-685 b,1524.0,8.7,1.62552343,0.026,5612.0,0.87,0.99,4.39,11.3,1,1,293.8719143,38.4229184,8.63764,71.86863,58.77699,307.70417,15.186,0.057,-0.057,13.656,13.355,13.307,14.4669,0.0111,-0.0111,1,0,0,0,0,0,1669.867496558906,1295.6540383116362
Kepler-686 b,1569.0,12.1,1.59474469,0.027,5973.0,1.01,0.96,4.48,2.0,1,1,285.213819,39.027466,14.99461,69.46155,61.1532,294.99098,16.02,0.126,-0.126,14.35,13.941,13.917,15.0236,0.0071,-0.0071,1,0,0,0,0,0,1717.4324915091133,1449.7052346042328
Kepler-69 c,325.0,1.79,242.4659,0.74,5700.0,0.914,0.991,4.399,9.8,1,2,293.2609013,44.8688656,11.99414,77.48226,64.99488,311.4598,13.866,0.092,-0.092,12.631,12.284,12.234,13.2617,0.0089,-0.0089,1,0,0,0,0,0,318.07478974259703,1.7056032013965974
Kepler-691 b,490.0,2.29,8.114368,0.064,3935.0,0.529,0.509,4.75,13.9,1,1,288.8117314,40.0332311,12.86404,71.56598,61.4561,301.10761,16.6,0.2,-0.2,13.405,12.723,12.492,14.7529,0.0075027,-0.0075027,1,0,0,0,0,0,535.1149280207006,13.663100845012053
Kepler-702 b,716.0,8.4,10.5262937,0.089,5388.0,0.84,0.81,4.55,6.6,1,1,293.8781041,41.6617245,10.13841,74.77781,61.83792,309.84392,15.437,0.103,-0.103,13.968,13.532,13.492,14.7404,0.0076,-0.0076,1,0,0,0,0,0,783.8058831002667,62.8919532591001
Kepler-704 b,1102.0,2.1,3.761849,0.045,5577.0,0.88,0.9,4.47,8.4,1,1,283.3163671,41.8370942,17.38918,71.60711,64.20642,293.22313,15.454,0.046,-0.046,13.955,13.626,13.557,14.7176,0.0067,-0.0067,1,0,0,0,0,0,1202.6771729214372,348.6239984518407
Kepler-714 b,957.0,8.2,8.0988814,0.081,6171.0,1.09,1.0,4.47,0.3,1,1,282.6994685,43.2727437,18.32302,72.84822,65.7057,292.89137,15.43,0.058,-0.058,14.164,13.875,13.825,14.8024,0.0072,-0.0072,1,0,0,0,0,0,1045.5539875808,199.1346606041808
Kepler-716 b,668.0,2.6,10.371721,0.086,5166.0,0.79,0.74,4.6,6.2,1,2,290.3931809,43.3638577,13.19467,75.17704,64.29401,305.73204,15.314,0.275,-0.275,13.67,13.249,13.135,14.5671,0.0063,-0.0063,1,0,0,0,0,0,730.7258343114042,47.50932440018844
Kepler-733 b,559.0,2.42,20.83495,0.142,5429.0,0.878,0.78,4.6,0.6,1,1,293.0181882,45.9147063,12.6107,78.36431,66.02776,312.03076,15.561,0.126,-0.126,14.141,13.726,13.648,14.8436,0.0077,-0.0077,1,0,0,0,0,0,613.5590926533259,23.614926247245105
Kepler-735 b,612.0,2.7,11.515093,0.092,5070.0,0.788,0.69,4.66,0.7,1,1,284.6888328,46.1721391,18.01603,76.22744,68.17885,298.18622,15.492,0.16,-0.16,13.94,13.496,13.453,14.784,0.0066,-0.0066,1,0,0,0,0,0,669.5330452160297,33.48490525393763
Kepler-751 b,674.0,3.4,17.44487,0.125,5530.0,0.849,0.95,4.41,12.3,1,1,294.8438103,44.0776872,10.62831,77.28825,63.83753,313.19662,15.211,0.114,-0.114,13.667,13.253,13.124,14.4289,0.0087,-0.0087,1,0,0,0,0,0,735.1320428925677,48.66563786590236
Kepler-755 c,1031.0,1.4,2.853135,0.036,5088.0,0.75,0.76,4.55,14.0,2,2,296.8609348,41.0973178,7.9012,75.35254,60.51882,313.77425,14.277,0.149,-0.149,12.465,11.961,11.879,13.425,0.0101,-0.0101,2,0,0,0,0,0,1127.2910892819123,269.09479899860736
Kepler-758 d,821.0,1.96,20.49659,0.159,6678.0,1.27,1.24,4.36,0.46,1,4,293.0846115,41.1354049,10.42657,74.02528,61.5408,308.29007,14.379,0.149,-0.149,13.37,13.146,13.11,13.9522,0.0078,-0.0078,1,0,0,0,0,0,899.2741732677528,108.97565571245923
Kepler-759 b,530.0,2.4,41.81287,0.234,5900.0,0.98,0.97,4.45,4.1,1,1,290.1314231,41.3814345,12.52759,73.25192,62.46723,303.95919,14.579,0.126,-0.126,13.327,13.009,12.967,14.3041,0.0061,-0.0061,1,0,0,0,0,0,579.2464432770781,18.759208507938656
Kepler-765 b,644.0,2.27,27.66556,0.181,6058.0,1.031,1.05,4.41,3.6,1,1,283.1846044,47.1557114,19.32312,76.82872,69.40065,296.15389,14.709,0.069,-0.069,13.487,13.168,13.175,14.1436,0.007,-0.007,1,0,0,0,0,0,703.5874055149546,40.835063446815234
Kepler-776 b,841.0,1.5,4.897134,0.051,5023.0,0.74,0.73,4.57,13.6,1,1,287.2726117,41.6356009,14.5822,72.58052,63.31032,299.60414,15.562,0.412,-0.412,13.874,13.425,13.319,14.7883,0.0075,-0.0075,1,0,0,0,0,0,916.3743952151225,117.50403791894463
Kepler-799 c,730.0,2.02,15.19471,0.121,5976.0,1.03,0.93,4.51,0.5,1,2,287.1748966,44.8784754,15.91971,75.64356,66.44517,301.57005,15.166,0.115,-0.115,13.969,13.601,13.524,14.66,0.02,-0.02,0,0,0,0,0,0,798.9007035987753,67.87849772433971
Kepler-803 b,475.0,3.2,50.28578,0.256,5625.0,0.884,0.94,4.44,9.0,1,1,299.2216728,44.6939033,8.19102,79.37192,63.13404,320.16656,13.856,0.092,-0.092,12.415,12.074,11.993,13.1253,0.0088,-0.0088,1,0,0,0,0,0,519.7564609670966,12.160756542689546
Kepler-81 d,427.0,1.39,20.83798,0.128,4500.0,0.648,0.594,4.7,6.8,1,3,293.6369437,42.8248275,10.83017,75.7459,62.99092,310.35171,15.258,0.092,-0.092,13.168,12.577,12.392,14.2491,0.0074,-0.0074,1,0,0,0,0,0,467.4489376985135,7.956053888978402
Kepler-813 b,692.0,2.2,19.12962,0.142,6042.0,1.05,0.96,4.5,0.5,1,1,285.6626752,48.4353251,18.19746,78.70044,70.14891,301.83107,14.646,0.137,-0.137,13.498,13.031,13.122,14.0748,0.006,-0.006,1,0,0,0,0,0,757.5400372831994,54.87611674709918
Kepler-820 b,498.0,8.6,127.8329,0.524,6222.0,1.18,1.72,4.04,4.8,1,1,291.0201523,39.2206091,10.97902,71.5641,60.2027,303.99708,14.135,0.126,-0.126,12.841,12.584,12.53,13.4786,0.0085,-0.0085,1,0,0,0,0,0,543.5781765467826,14.548193112938737
Kepler-825 b,1310.0,1.41,3.773682,0.049,6290.0,1.12,1.09,4.41,1.35,1,2,294.769825,39.3984081,8.48096,73.07163,59.47832,309.60167,14.296,0.092,-0.092,13.069,12.726,12.67,13.7194,0.0089,-0.0089,1,0,0,0,0,0,1430.5376095835297,697.8436450393276
Kepler-828 b,1707.0,1.41,0.5678562,0.012,5070.0,0.781,0.699,4.64,2.6,1,1,286.8872555,42.4712271,15.17564,73.25742,64.19184,299.4793,15.374,0.183,-0.183,13.586,13.146,12.992,14.4455,0.0067,-0.0067,1,0,0,0,0,0,1865.904232825167,2019.8466903677997
Kepler-832 b,935.0,2.25,7.13968,0.073,5973.0,1.023,0.92,4.52,0.3,1,1,295.9261101,45.383869,10.55971,78.82861,64.73623,316.01025,16.001,0.081,-0.081,14.682,14.295,14.197,15.3661,0.0079,-0.0079,1,0,0,0,0,0,1022.4884809600668,182.13554254303335
Kepler-834 b,492.0,1.86,13.32411,0.096,4518.0,0.658,0.585,4.72,1.6,1,1,287.0544674,45.1803351,16.11418,75.89955,66.7587,301.58932,16.211,0.195,-0.195,14.167,13.601,13.484,15.2036,0.0065,-0.0065,1,0,0,0,0,0,537.8014500098787,13.93955413250044
Kepler-84 c,821.0,2.4,12.882525,0.108,6013.0,1.02,1.03,4.42,4.0,1,5,298.2520208,40.4960842,6.68858,75.35385,59.57181,315.29125,14.92,0.092,-0.092,13.583,13.234,13.193,14.3015,0.0062,-0.0062,1,0,0,0,0,0,895.4294299460375,107.12392188487847
Kepler-84 d,1195.0,1.24,4.224488,0.051,6013.0,1.02,1.03,4.42,4.0,1,5,298.2520208,40.4960842,6.68858,75.35385,59.57181,315.29125,14.92,0.092,-0.092,13.583,13.234,13.193,14.3015,0.0062,-0.0062,1,0,0,0,0,0,1303.0412188073371,480.38962893703285
Kepler-841 b,315.0,5.2,124.41949,0.471,5503.0,0.898,0.79,4.59,0.5,1,1,284.2513637,48.8095962,19.20216,78.73264,70.79157,299.51869,15.791,0.229,-0.229,14.464,14.04,13.928,15.1894,0.0066,-0.0066,1,0,0,0,0,0,343.66557468212346,2.32436929565625
Kepler-848 b,979.0,1.4,6.911301,0.07,5894.0,0.97,0.99,4.43,4.9,1,1,293.2882949,48.8116114,13.71305,81.12202,68.60044,315.52179,14.194,0.092,-0.092,12.84,12.484,12.431,13.5365,0.0065,-0.0065,1,0,0,0,0,0,1068.8386123415546,217.47510316591558
Kepler-85 b,814.0,1.99,8.305992,0.079,5666.0,0.941,0.84,4.57,0.6,1,4,290.9734395,45.2902761,13.63209,77.15239,65.97078,308.19533,14.89,0.057,-0.057,13.552,13.192,13.083,14.2626,0.0068,-0.0068,1,0,0,0,0,0,890.9146353426783,104.97971286994353
Kepler-859 b,511.0,2.7,20.38164,0.135,5097.0,0.795,0.7,4.65,0.7,1,1,286.7418337,43.1901197,15.55426,73.90076,64.91304,299.68827,15.977,1.133,-1.133,14.424,13.946,13.858,15.2785,0.0067,-0.0067,1,0,0,0,0,0,559.6676378807039,16.348645910682276
Kepler-861 b,927.0,2.1,3.949633,0.044,5078.0,0.747,0.75,4.56,13.8,1,1,292.3539624,46.2262465,13.16131,78.44535,66.4914,311.26735,15.993,0.286,-0.286,14.129,13.674,13.532,14.9762,0.0065,-0.0065,1,0,0,0,0,0,1010.9517205033828,174.0534637078203
Kepler-874 b,562.0,3.2,40.06841,0.232,6061.0,1.04,1.03,4.43,2.9,1,1,294.9568477,43.0142991,10.0603,76.37063,62.82039,312.48174,14.822,0.114,-0.114,13.543,13.223,13.14,14.2143,0.0077,-0.0077,1,0,0,0,0,0,615.8179301085519,23.964607809591307
Kepler-890 b,503.0,7.4,52.75886,0.282,6119.0,1.08,0.98,4.49,0.3,1,1,288.435718,43.7634712,14.65155,74.94922,65.11286,302.86438,15.235,0.115,-0.115,14.057,13.808,13.665,14.6798,0.0066,-0.0066,1,0,0,0,0,0,550.0502451845492,15.253533417571578
Kepler-909 b,817.0,1.38,13.93281,0.12,6037.0,1.175,1.128,4.4,1.22,1,1,289.5063796,45.3709728,14.60416,76.78743,66.39812,305.86196,11.626,0.017,-0.017,10.586,10.327,10.274,11.1151,0.0069,-0.0069,1,0,0,0,0,0,892.5211747152674,105.7389810260961
Kepler-914 b,1181.0,1.49,4.409673,0.055,5864.0,1.147,1.15,4.38,2.9,1,1,290.4120774,44.8993227,13.82764,76.61586,65.73982,306.95705,13.667,0.126,-0.126,12.482,12.181,12.131,13.0994,0.0069,-0.0069,1,0,0,0,0,0,1292.9893948137394,465.7371256644026
Kepler-915 b,1341.0,1.36,4.59492,0.057,6454.0,1.18,1.26,4.31,2.38,1,1,290.5921293,45.7372184,14.06204,77.45493,66.48299,307.96266,13.314,0.057,-0.057,12.346,12.1,12.041,12.8627,0.0067,-0.0067,1,0,0,0,0,0,1463.2220311290891,763.8391841765902
Kepler-924 b,523.0,2.23,61.039,0.319,6382.0,1.163,1.1,4.42,0.5,1,1,290.6685136,40.3977086,11.73741,72.52276,61.40753,304.16754,14.293,0.103,-0.103,13.114,12.83,12.745,13.7167,0.0071,-0.0071,1,0,0,0,0,0,571.467092099105,17.771574804784297
Kepler-925 b,372.0,1.89,33.86736,0.176,4539.0,0.637,0.608,4.67,13.9,1,1,290.1065581,40.4906242,12.16325,72.41955,61.62069,303.36613,16.025,0.149,-0.149,13.978,13.406,13.339,15.0829,0.0072,-0.0072,1,0,0,0,0,0,406.8076059517939,4.563701853235186
Kepler-932 b,1233.0,1.32,1.9214304,0.028,5213.0,0.78,0.81,4.51,13.8,1,1,296.9520797,43.2720233,8.90386,77.30447,62.50698,315.62838,14.308,0.137,-0.137,12.732,12.271,12.21,13.5528,0.0143,-0.0143,1,0,0,0,0,0,1352.0247580776654,556.8004596161667
Kepler-94 b,996.0,3.36,2.5080585,0.034,4786.0,0.814,0.757,4.59,6.1,1,2,281.1947316,47.4972606,20.71013,76.71253,70.05893,292.61499,13.071,0.069,-0.069,11.181,10.681,10.594,12.1773,0.006,-0.006,1,0,0,0,0,2,1088.9667043940353,234.32542443519102
Kepler-942 b,362.0,1.84,44.96393,0.217,4732.0,0.676,0.654,4.64,14.0,1,1,294.9550809,44.1499518,10.59114,77.39112,63.87401,313.42665,13.25,0.08,-0.08,11.472,10.937,10.842,12.4092,0.0061,-0.0061,1,0,0,0,0,0,396.12948461778376,4.103077150220027
Kepler-958 b,829.0,3.0,9.767805,0.084,5506.0,0.84,0.98,4.38,13.9,1,1,287.2566578,46.0667247,16.32186,76.80898,67.56086,302.62711,13.91,0.137,-0.137,12.495,12.115,12.041,13.2205,0.0066,-0.0066,1,0,0,0,0,0,906.8658075842129,112.70238789396818
LHS 1140 b,226.0,1.73,24.73723,0.0946,3096.0,0.1844,0.2159,5.041,5.0,1,2,11.248632,-15.2741085,-78.05159,115.40542,-18.45449,4.09847,14.15,0.062,-0.062,9.612001,9.092,8.821,11.2991,0.0073288,-0.0073288,1,0,0,0,0,3,225.53561413453087,0.4311431895105566
NGTS-10 b,1332.0,13.506845,0.7668944,0.0143,4600.0,0.696,0.697,4.595,10.4,1,1,91.8722801,-25.5948963,-20.48518,232.0045,-49.01744,92.57123,14.506,0.114,-0.114,12.392,11.878,11.728,13.605,0.0074,-0.0074,0,0,0,0,0,0,1548.6013292894086,958.3397855830834
NGTS-11 b,435.0,9.157753,35.45533,0.201,5050.0,0.862,0.832,4.5,3.9,1,1,23.5214497,-14.4191493,-73.86688,163.08688,-22.47094,16.05193,12.456,0.08,-0.08,10.855,10.401,10.315,11.6235,0.0061,-0.0061,1,0,0,0,0,0,495.4370011750569,10.039561871622979
NGTS-21 b,1357.0,14.90794433,1.5433897,0.0236,4660.0,0.72,0.86,4.63,10.02,1,1,311.2583112,-35.4278412,-37.53419,7.6079,-16.7492,304.13228,15.506,0.103,-0.103,13.622,13.105,12.951,14.5499,0.006,-0.006,0,0,0,0,0,0,1356.4774127509052,564.1716692773168
OGLE-TR-182 b,1550.0,16.47723,3.9791,0.05205,5924.0,1.187,1.53,4.142,4.3,1,1,167.3279228,-61.0952624,-0.63069,290.90669,-57.71098,208.01464,16.9195,0.0461,-0.0461,15.453,14.899,14.737,16.0985,0.0219,-0.0219,0,2,1,0,0,0,1548.758932001859,958.729969951746
TOI-1244 b,714.86,2.37611439,6.4003,0.061,4722.0,0.7528,0.7231,4.595,5.9,1,1,256.279559,69.519093,34.50626,100.61547,84.09605,143.7819,11.929,0.08,-0.08,10.075,9.53,9.422,11.0157,0.006,-0.006,0,0,0,0,0,0,783.9595802818169,62.9412979233994
TOI-1249 b,726.89,3.2710301,13.079151,0.109,5497.0,1.0062,0.9785,4.457,4.0,1,1,200.5615762,66.3085331,50.52804,118.07243,63.67513,148.02987,11.089,0.009,-0.009,9.536,9.204001,9.126,10.2108,0.006,-0.006,0,0,0,0,0,0,794.1935007513496,66.29279383953853
TOI-125 d,638.1,2.93,19.98,0.137,5320.0,0.859,0.848,4.516,6.8,1,3,23.5934253,-66.6763495,-49.90031,296.35814,-64.89646,328.77939,11.023,0.008,-0.008,9.466,9.112001,8.995,10.1985,0.006,-0.006,0,0,0,0,0,0,638.2380624783717,27.64978824956034
TOI-1288 b,1203.44,4.96846551,2.6998279,0.0374,5388.0,0.9552,0.9583,4.453,6.5,1,2,313.1670294,65.6087833,13.28607,101.44251,72.82453,16.91308,10.445,0.007,-0.007,9.193,8.842,8.779,9.93119,0.0061,-0.0061,0,0,0,0,0,0,1315.152018173358,498.49961864891196
TOI-1470 b,734.0,2.18,2.527093,0.0285,3709.0,0.471,0.469,4.77,1.3,1,2,10.0891431,61.2133868,-1.62965,121.59773,50.4027,41.93817,13.459,0.036,-0.036,10.154,9.514,9.283,11.4752,0.0072986,-0.0072986,3,0,0,0,0,0,725.5281215491556,46.17192792436379
TOI-1824 b,528.67,2.7438269,22.808533,0.151,5165.0,0.8801,0.8123,4.562,2.5,1,1,197.7312286,61.7448492,55.23018,118.88933,59.94121,154.18327,9.721,0.003,-0.003,8.283,7.82,7.757,8.9754,0.006,-0.006,0,0,0,0,0,0,577.6616076206868,18.554746514664465
TOI-2076 c,543.16,3.69441587,21.015327,0.142,5192.0,0.8557,0.796,4.566,2.7,1,4,217.3920159,39.7903991,66.0563,71.10629,50.60425,195.86501,9.139,0.002,-0.002,7.613,7.188,7.115,8.3745,0.006,-0.006,1,0,0,0,0,0,592.7621590093106,20.57230205131167
TOI-2095 b,347.0,1.25,17.66484,0.101,3759.0,0.44,0.44,5.11,1.0,1,2,285.6365235,75.4185135,25.49556,106.75582,79.85572,67.3355,13.19,0.2,-0.2,9.797,9.186,8.988,11.0788,0.0073258,-0.0073258,3,0,0,0,0,0,378.3305421748695,3.4138671653857444
TOI-2193 A b,1763.0,19.83989584,2.1225735,0.03319,5966.0,1.082,1.248,4.278,5.5,2,1,313.691232,-72.8046404,-34.78162,320.93525,-52.32057,289.51365,11.976,0.021,-0.021,10.767,10.462,10.383,11.3996,0.006,-0.006,0,0,0,0,0,0,1764.088387815036,1613.7727297608153
TOI-2196 b,1860.0,3.51,1.1947268,0.02234,5634.0,1.032,1.043,4.42,4.5,1,1,312.3400744,-70.4850723,-35.17676,323.77267,-50.04584,290.50565,12.297,0.028,-0.028,10.743,10.452,10.346,11.3643,0.006,-0.006,0,0,0,0,0,0,1856.3114274367572,1978.6289550453298
TOI-2346 b,1689.0,16.11851425,3.3312029,0.0473,6480.0,1.271,1.38,4.265,1.9,1,1,88.0929073,-13.3724686,-19.03535,218.56355,-36.79641,87.67893,12.366,0.031,-0.031,11.001,10.809,10.712,11.5584,0.0172,-0.0172,0,0,0,0,0,0,1687.7860943714072,1352.1679105928986
TOI-2529 b,636.0,11.54525012,64.5949,0.327,5802.0,1.11,1.7,4.03,7.23,1,1,118.9945352,-52.3548332,-12.12178,266.05552,-69.87933,149.38374,11.529,0.018,-0.018,9.935,9.62,9.489,10.6693,0.0061,-0.0061,0,0,0,0,0,0,637.9134139762863,27.59357339063767
TOI-260 b,438.59,1.47291596,13.475815,0.091,4050.0,0.5485,0.5468,4.7,15.9,1,1,4.7730178,-9.9661505,-71.21935,97.4431,-11.03359,0.36673,9.9,0.03,-0.03,7.376,6.71,6.549,8.4991,0.006,-0.006,1,0,0,0,0,0,478.72047825593734,8.751631651943852
TOI-3593 b,1170.0,11.02963701,3.8212867,0.0481,5550.0,1.015,0.918,4.519,1.8,1,1,331.506364,34.2116583,-17.22319,88.04036,42.28231,349.22165,12.201,0.046,-0.046,10.73,10.379,10.266,11.488,0.006,-0.006,0,0,0,0,0,0,1169.1633991958656,311.35930735142693
TOI-4463 A b,1395.0,13.26022417,2.8807198,0.04036,5640.0,1.056,1.062,4.41,4.1,2,1,279.3581286,18.7299522,11.4139,48.27767,41.78284,281.91438,11.036,0.008,-0.008,9.802,9.454001,9.402,10.4673,0.0061,-0.0061,0,0,0,0,0,0,1395.0803103747264,631.1867080113847
TOI-4603 b,1677.0,11.67975789,7.24599,0.0888,6264.0,1.765,2.738,3.81,1.64,1,1,83.8659288,21.2942417,-5.98612,185.2858,-2.02338,84.27872,9.24,0.03,-0.03,8.089,7.788,7.786,8.6554,0.0062,-0.0062,0,0,0,0,0,0,1677.240782298594,1318.6898473603928
TOI-5340 b,1566.0,15.07607904,4.9394392,0.0628,5990.0,1.35,1.842,4.036,3.5,1,1,59.3094816,22.3783373,-23.16676,169.73224,1.89123,61.81766,12.399,0.08,-0.08,10.945,10.694,10.607,11.7085,0.0093,-0.0093,0,0,0,0,0,0,1564.3187080783957,997.8424234845698
TOI-5592 b,1789.0,17.14974047,2.6085846,0.03935,6237.0,1.194,1.393,4.226,3.6,1,1,106.6800684,65.857249,26.12646,149.96765,42.95156,99.22591,12.614,0.092,-0.092,11.636,11.413,11.363,12.136,0.0071,-0.0071,0,0,0,0,0,0,1789.420299032846,1708.4821510637992
TOI-5616 b,939.0,10.78,2.002849,0.0272,3996.0,0.666,0.646,4.67,7.2,1,1,184.9016378,48.6832895,67.57906,136.79772,45.35991,159.41535,16.74,0.2,-0.2,13.566,12.862,12.735,14.6877,0.007373,-0.007373,0,0,0,0,0,0,939.0543141849146,129.5757873498827
TOI-564 b,1714.0,11.43318,1.651144,0.02734,5640.0,0.998,1.088,4.364,7.3,1,1,130.2951535,-16.0363275,15.55381,240.62906,-33.02733,137.84302,11.097,0.014,-0.014,10.044,9.71,9.604,10.6701,0.0061,-0.0061,0,0,0,0,0,0,1715.6461588707587,1443.683179546072
TOI-712 d,313.6,2.474,84.8396,0.3405,4622.0,0.732,0.674,4.645,0.83,1,3,92.9361063,-65.8258386,-28.60732,275.57855,-88.60569,149.54368,10.838,0.021,-0.021,8.984,8.409,8.313,9.9059,0.006,-0.006,0,0,0,0,0,0,313.570181234071,1.6110166742792746
TOI-771 b,527.19,1.422,2.326021,0.0207,3201.0,0.22,0.242,5.014,6.7,1,2,164.1138903,-72.9851736,-11.9871,294.66043,-65.39283,227.47162,14.888,0.08,-0.08,10.507,9.955,9.664,12.0874,0.0073276,-0.0073276,0,0,0,0,0,0,527.7662450775252,12.927884040191827
TOI-815 c,469.0,2.62,34.976145,0.193,4869.0,0.776,0.77,4.51,0.2,2,2,155.8719377,-43.8349248,11.36084,276.65818,-48.82687,180.42768,10.217,0.005,-0.005,8.531,8.066,7.999,9.36,0.006,-0.006,0,0,0,0,0,0,468.96443511668963,8.059732739045783
TOI-908 b,1317.0,3.186,3.183792,0.041657,5626.0,0.95,1.028,4.45,4.6,1,1,53.1594266,-81.250745,-33.63672,296.14549,-72.79049,287.95055,11.316,0.012,-0.012,10.04,9.734,9.637,10.6513,0.006,-0.006,0,0,0,0,0,0,1347.6766870567867,549.6723234950933
WASP-106 b,1140.0,12.162,9.289715,0.0917,6055.0,1.192,1.393,4.226,7.0,1,1,166.4296276,-5.0794854,48.89142,260.53098,-10.03206,169.51006,11.21,0.018,-0.018,10.472,10.234,10.161,10.99,0.0064,-0.0064,0,0,0,0,0,0,1137.9900467185412,279.4569158283253
WASP-113 b,1496.0,15.793481,4.542168745,0.05885,5890.0,1.318,1.608,4.2,6.2,1,1,224.8728589,46.9600996,58.02919,79.82831,59.55445,197.34187,11.761,0.057,-0.057,10.636,10.33,10.311,11.191,0.0068,-0.0068,1,0,0,0,0,0,1484.6309469396228,809.5339073907265
WASP-117 b,1001.0,11.444,10.02165,0.09459,6038.0,1.129,1.17,4.28,4.6,1,1,36.7758112,-50.2844247,-60.52943,271.16031,-59.08374,5.02072,10.139,0.005,-0.005,9.143,8.86,8.78,9.6411,0.006,-0.006,0,0,0,0,0,3,1023.9926810474032,183.20968061438612
WASP-119 b,1600.0,15.6926,2.49979,0.0363,5650.0,1.02,1.2,4.26,8.0,1,1,55.9336392,-65.19378,-43.3667,279.71955,-76.18595,349.81564,12.314,0.057,-0.057,10.924,10.612,10.545,11.6035,0.006,-0.006,0,0,0,0,0,0,1566.4595473986437,1003.3160128619072
WASP-183 b,1111.0,16.47723,4.1117771,0.04632,5313.0,0.784,0.871,4.452,14.9,1,1,163.7888521,-0.7370663,50.52829,253.08943,-7.05625,165.34587,13.081,0.103,-0.103,11.639,11.268,11.207,12.3353,0.007,-0.007,0,0,0,0,0,0,1110.9590312019964,253.83598076208492
WASP-57 b,1251.0,10.267,2.838971,0.0386,5600.0,0.954,0.836,4.574,2.6,1,1,223.8199788,-2.0576866,48.2726,353.50394,14.02223,221.99144,12.913,0.103,-0.103,11.625,11.292,11.244,12.2688,0.0094,-0.0094,0,0,2,0,0,4,1256.6980439708686,415.608827986632
WASP-95 b,1570.0,13.56,2.184673,0.03416,5630.0,1.11,1.13,4.38,2.4,1,1,337.4578243,-48.0030988,-55.51383,346.13354,-35.43814,319.32702,10.092,0.004,-0.004,8.936,8.628,8.564,9.4995,0.006,-0.006,0,0,0,0,0,0,1561.4285332057266,990.4885344279504
