variable,n_missing_rows,pct_missing_rows,n_missing_planets,pct_missing_planets
pl_eqt,118,28.365384615384617,118,30.025445292620866
pl_name,0,0,0,0
pl_rade,0,0,0,0
pl_orbper,0,0,0,0
pl_orbsmax,0,0,0,0
st_teff,0,0,0,0
st_mass,0,0,0,0
st_rad,0,0,0,0
st_logg,0,0,0,0
st_age,0,0,0,0
sy_snum,0,0,0,0
sy_pnum,0,0,0,0
ra,0,0,0,0
dec,0,0,0,0
glat,0,0,0,0
glon,0,0,0,0
elat,0,0,0,0
elon,0,0,0,0
sy_vmag,0,0,0,0
sy_vmagerr1,0,0,0,0
sy_vmagerr2,0,0,0,0
sy_jmag,0,0,0,0
sy_hmag,0,0,0,0
sy_kmag,0,0,0,0
sy_tmag,0,0,0,0
sy_tmagerr1,0,0,0,0
sy_tmagerr2,0,0,0,0
pl_nnotes,0,0,0,0
st_nphot,0,0,0,0
st_nrvc,0,0,0,0
st_nspec,0,0,0,0
pl_nespec,0,0,0,0
pl_ntranspec,0,0,0,0
