variable,n,mean,sd,min,q25,median,q75,max
dec,393,31.795590092111954,29.181727070448595,-81.250745,38.0550327,42.8692755,46.2858128,76.21102
elat,393,46.40580595419846,36.215826039050704,-88.60569,51.93437,62.55713,66.4914,84.09605
elon,393,269.96700501272267,78.7147854298621,0.36673,289.51365,303.37897,312.42728,351.93155
glat,393,11.72347086513995,23.266540103779235,-78.05159,9.53918,13.41465,17.29263,85.54996
glon,393,110.24739641221375,75.77056088067528,7.6079,73.9027,77.94098,82.73358,354.42038
pl_nespec,393,0.11959287531806634,0.7682791778065778,0,0,0,0,11
pl_nnotes,393,0.9898218829516541,0.9555948136031396,0,1,1,1,9
pl_ntranspec,393,0.20865139949109357,0.8525031947419489,0,0,0,0,8
pl_orbper,393,19.430856933096692,29.889637449081025,0.4465688,4.134403,9.599922,22.6845,331.643
pl_orbsmax,393,0.12008162086513996,0.11007056393347839,0.0106,0.049,0.086,0.157,0.98
pl_rade,393,4.707778083256998,4.7769075446313565,0.303,1.73,2.58,5.35,22.754270000000002
ra,393,258.1638534562341,73.43163646925662,0.1856063,281.6629579,288.6887221,294.2189131,354.7740917
st_age,393,5.11107251908397,4.37550200448859,0.0075,1.4,4,7.9,15.9
st_logg,393,4.425084223918575,0.24809314557869871,2.953,4.31,4.46,4.58,5.11
st_mass,393,0.9579437659033079,0.23975504882442436,0.1844,0.802,0.961,1.11,2.22
st_nphot,393,0.9363867684478352,6.1497904537909935,0,0,0,0,70
st_nrvc,393,0.19338422391857546,0.8006738217477242,0,0,0,0,8
st_nspec,393,0.020356234096692162,0.236023337046738,0,0,0,0,4
st_rad,393,1.0654246819338422,0.5513369990827893,0.2159,0.77,0.96,1.18,6.3
st_teff,393,5517.111959287532,746.077605585096,3096,5159,5640,6013,9578
sy_hmag,393,11.453486012722646,1.9779073737315203,4.424,10.228,12.082,12.952,14.899
sy_jmag,393,11.830982193384223,1.9943121778364625,4.869,10.507,12.473,13.391,15.453
sy_kmag,393,11.370272269720102,1.9837138245834154,4.241,10.121,11.998,12.861,14.737
sy_pnum,393,2.15267175572519,1.4311046242508818,1,1,2,3,8
sy_snum,393,1.1017811704834604,0.3191536686870148,1,1,1,1,3
sy_tmag,393,12.583809292620865,2.0445781524917788,5.1054,11.1116,13.2366,14.1814,16.0985
sy_tmagerr1,393,0.007565706615776081,0.005609746519634192,0.006,0.0061,0.0067,0.0074467,0.11
sy_tmagerr2,393,-0.007565706615776081,0.005609746519634192,-0.11,-0.0074467,-0.0067,-0.0061,-0.006
sy_vmag,393,13.338282959287532,2.1160410563468783,5.65,11.938,13.866,14.971,17.07
sy_vmagerr1,393,0.10202264631043256,0.12708620355410533,0.002,0.03,0.08,0.126,1.133
sy_vmagerr2,393,-0.10202264631043256,0.12708620355410533,-1.133,-0.126,-0.08,-0.03,-0.002
