variable,n_iqr_outliers,pct_iqr_outliers
sy_snum,148,13.35740072202166
pl_orbper,131,11.823104693140793
pl_ntranspec,95,8.574007220216606
st_teff,79,7.129963898916968
pl_orbsmax,77,6.949458483754513
sy_tmagerr1,77,6.949458483754513
sy_tmagerr2,77,6.949458483754513
pl_bmasse,73,6.588447653429603
st_nrvc,73,6.588447653429603
st_nphot,66,5.956678700361011
sy_vmagerr1,47,4.241877256317689
sy_vmagerr2,47,4.241877256317689
pl_nnotes,44,3.9711191335740073
glat,43,3.88086642599278
pl_nespec,42,3.7906137184115525
st_mass,32,2.888086642599278
st_rad,31,2.7978339350180503
st_logg,17,1.5342960288808665
st_nspec,15,1.3537906137184115
sy_jmag,11,0.9927797833935018
sy_hmag,11,0.9927797833935018
sy_kmag,11,0.9927797833935018
sy_vmag,10,0.9025270758122743
sy_tmag,9,0.8122743682310469
pl_eqt,4,0.36101083032490977
st_age,4,0.36101083032490977
sy_pnum,2,0.18050541516245489
pl_rade,0,0
ra,0,0
dec,0,0
glon,0,0
elat,0,0
elon,0,0
