predictor,correlation
pl_rade,0.3337401271626768
st_mass,0.324187768105653
st_teff,0.285510404416699
st_rad,0.25944078733756765
pl_eqt,0.22584436571327718
sy_pnum,-0.1831873504479529
sy_kmag,0.1830025455943217
sy_hmag,0.17897765330955068
sy_jmag,0.15895250906662828
st_age,-0.1373918688492393
pl_nespec,0.12733510140258228
sy_tmag,0.1268971136650567
st_logg,-0.11506367916908698
sy_vmag,0.07743325686832662
glat,-0.0737868021214303
pl_orbper,0.0696674747133494
pl_orbsmax,0.06357357849885302
sy_tmagerr1,0.049430523433907844
sy_tmagerr2,-0.049430523433907844
st_nrvc,0.04377401482450215
elon,0.04176516127870753
pl_ntranspec,-0.03897203825202371
sy_snum,0.038906071244376464
glon,-0.03401151714600212
st_nspec,-0.026760034907588343
st_nphot,0.025504845160743538
elat,-0.021178246832794827
dec,-0.01822451949248242
pl_nnotes,-0.013084082155504252
ra,-0.012072728984311262
sy_vmagerr1,0.005483060289932864
sy_vmagerr2,-0.005483060289932864
